run_id,private_ground_truth
s0-p0-v0-b0,APPROVAL_PRESENT
s0-p0-v0-b1,APPROVAL_ABSENT
s0-p1-v0-b0,APPROVAL_PRESENT
s0-p1-v0-b1,APPROVAL_ABSENT
s0-p2-v0-b0,APPROVAL_PRESENT
s0-p2-v0-b1,APPROVAL_ABSENT
s0-p3-v0-b0,APPROVAL_PRESENT
s0-p3-v0-b1,APPROVAL_ABSENT
s0-p4-v0-b0,APPROVAL_PRESENT
s0-p4-v0-b1,APPROVAL_ABSENT
s0-p5-v0-b0,APPROVAL_PRESENT
s0-p5-v0-b1,APPROVAL_ABSENT
s0-p6-v0-b0,APPROVAL_PRESENT
s0-p6-v0-b1,APPROVAL_ABSENT
s0-p7-v0-b0,APPROVAL_PRESENT
s0-p7-v0-b1,APPROVAL_ABSENT
s0-p8-v0-b0,APPROVAL_PRESENT
s0-p8-v0-b1,APPROVAL_ABSENT
s0-p9-v0-b0,APPROVAL_PRESENT
s0-p9-v0-b1,APPROVAL_ABSENT
s0-p10-v0-b0,APPROVAL_PRESENT
s0-p10-v0-b1,APPROVAL_ABSENT
s0-p11-v0-b0,APPROVAL_PRESENT
s0-p11-v0-b1,APPROVAL_ABSENT
s0-p12-v0-b0,APPROVAL_PRESENT
s0-p12-v0-b1,APPROVAL_ABSENT
s0-p13-v0-b0,APPROVAL_PRESENT
s0-p13-v0-b1,APPROVAL_ABSENT
s0-p14-v0-b0,APPROVAL_PRESENT
s0-p14-v0-b1,APPROVAL_ABSENT
s0-p15-v0-b0,APPROVAL_PRESENT
s0-p15-v0-b1,APPROVAL_ABSENT
s0-p16-v0-b0,APPROVAL_PRESENT
s0-p16-v0-b1,APPROVAL_ABSENT
s0-p17-v0-b0,APPROVAL_PRESENT
s0-p17-v0-b1,APPROVAL_ABSENT
s0-p18-v0-b0,APPROVAL_PRESENT
s0-p18-v0-b1,APPROVAL_ABSENT
s0-p19-v0-b0,APPROVAL_PRESENT
s0-p19-v0-b1,APPROVAL_ABSENT
s0-p0-v1-b0,APPROVAL_PRESENT
s0-p0-v1-b1,APPROVAL_ABSENT
s0-p1-v1-b0,APPROVAL_PRESENT
s0-p1-v1-b1,APPROVAL_ABSENT
s0-p2-v1-b0,APPROVAL_PRESENT
s0-p2-v1-b1,APPROVAL_ABSENT
s0-p3-v1-b0,APPROVAL_PRESENT
s0-p3-v1-b1,APPROVAL_ABSENT
s0-p4-v1-b0,APPROVAL_PRESENT
s0-p4-v1-b1,APPROVAL_ABSENT
s0-p5-v1-b0,APPROVAL_PRESENT
s0-p5-v1-b1,APPROVAL_ABSENT
s0-p6-v1-b0,APPROVAL_PRESENT
s0-p6-v1-b1,APPROVAL_ABSENT
s0-p7-v1-b0,APPROVAL_PRESENT
s0-p7-v1-b1,APPROVAL_ABSENT
s0-p8-v1-b0,APPROVAL_PRESENT
s0-p8-v1-b1,APPROVAL_ABSENT
s0-p9-v1-b0,APPROVAL_PRESENT
s0-p9-v1-b1,APPROVAL_ABSENT
s0-p10-v1-b0,APPROVAL_PRESENT
s0-p10-v1-b1,APPROVAL_ABSENT
s0-p11-v1-b0,APPROVAL_PRESENT
s0-p11-v1-b1,APPROVAL_ABSENT
s0-p12-v1-b0,APPROVAL_PRESENT
s0-p12-v1-b1,APPROVAL_ABSENT
s0-p13-v1-b0,APPROVAL_PRESENT
s0-p13-v1-b1,APPROVAL_ABSENT
s0-p14-v1-b0,APPROVAL_PRESENT
s0-p14-v1-b1,APPROVAL_ABSENT
s0-p15-v1-b0,APPROVAL_PRESENT
s0-p15-v1-b1,APPROVAL_ABSENT
s0-p16-v1-b0,APPROVAL_PRESENT
s0-p16-v1-b1,APPROVAL_ABSENT
s0-p17-v1-b0,APPROVAL_PRESENT
s0-p17-v1-b1,APPROVAL_ABSENT
s0-p18-v1-b0,APPROVAL_PRESENT
s0-p18-v1-b1,APPROVAL_ABSENT
s0-p19-v1-b0,APPROVAL_PRESENT
s0-p19-v1-b1,APPROVAL_ABSENT
s0-p0-v2-b0,APPROVAL_PRESENT
s0-p0-v2-b1,APPROVAL_ABSENT
s0-p1-v2-b0,APPROVAL_PRESENT
s0-p1-v2-b1,APPROVAL_ABSENT
s0-p2-v2-b0,APPROVAL_PRESENT
s0-p2-v2-b1,APPROVAL_ABSENT
s0-p3-v2-b0,APPROVAL_PRESENT
s0-p3-v2-b1,APPROVAL_ABSENT
s0-p4-v2-b0,APPROVAL_PRESENT
s0-p4-v2-b1,APPROVAL_ABSENT
s0-p5-v2-b0,APPROVAL_PRESENT
s0-p5-v2-b1,APPROVAL_ABSENT
s0-p6-v2-b0,APPROVAL_PRESENT
s0-p6-v2-b1,APPROVAL_ABSENT
s0-p7-v2-b0,APPROVAL_PRESENT
s0-p7-v2-b1,APPROVAL_ABSENT
s0-p8-v2-b0,APPROVAL_PRESENT
s0-p8-v2-b1,APPROVAL_ABSENT
s0-p9-v2-b0,APPROVAL_PRESENT
s0-p9-v2-b1,APPROVAL_ABSENT
s0-p10-v2-b0,APPROVAL_PRESENT
s0-p10-v2-b1,APPROVAL_ABSENT
s0-p11-v2-b0,APPROVAL_PRESENT
s0-p11-v2-b1,APPROVAL_ABSENT
s0-p12-v2-b0,APPROVAL_PRESENT
s0-p12-v2-b1,APPROVAL_ABSENT
s0-p13-v2-b0,APPROVAL_PRESENT
s0-p13-v2-b1,APPROVAL_ABSENT
s0-p14-v2-b0,APPROVAL_PRESENT
s0-p14-v2-b1,APPROVAL_ABSENT
s0-p15-v2-b0,APPROVAL_PRESENT
s0-p15-v2-b1,APPROVAL_ABSENT
s0-p16-v2-b0,APPROVAL_PRESENT
s0-p16-v2-b1,APPROVAL_ABSENT
s0-p17-v2-b0,APPROVAL_PRESENT
s0-p17-v2-b1,APPROVAL_ABSENT
s0-p18-v2-b0,APPROVAL_PRESENT
s0-p18-v2-b1,APPROVAL_ABSENT
s0-p19-v2-b0,APPROVAL_PRESENT
s0-p19-v2-b1,APPROVAL_ABSENT
s1-p0-v0-b0,APPROVAL_PRESENT
s1-p0-v0-b1,APPROVAL_ABSENT
s1-p1-v0-b0,APPROVAL_PRESENT
s1-p1-v0-b1,APPROVAL_ABSENT
s1-p2-v0-b0,APPROVAL_PRESENT
s1-p2-v0-b1,APPROVAL_ABSENT
s1-p3-v0-b0,APPROVAL_PRESENT
s1-p3-v0-b1,APPROVAL_ABSENT
s1-p4-v0-b0,APPROVAL_PRESENT
s1-p4-v0-b1,APPROVAL_ABSENT
s1-p5-v0-b0,APPROVAL_PRESENT
s1-p5-v0-b1,APPROVAL_ABSENT
s1-p6-v0-b0,APPROVAL_PRESENT
s1-p6-v0-b1,APPROVAL_ABSENT
s1-p7-v0-b0,APPROVAL_PRESENT
s1-p7-v0-b1,APPROVAL_ABSENT
s1-p8-v0-b0,APPROVAL_PRESENT
s1-p8-v0-b1,APPROVAL_ABSENT
s1-p9-v0-b0,APPROVAL_PRESENT
s1-p9-v0-b1,APPROVAL_ABSENT
s1-p10-v0-b0,APPROVAL_PRESENT
s1-p10-v0-b1,APPROVAL_ABSENT
s1-p11-v0-b0,APPROVAL_PRESENT
s1-p11-v0-b1,APPROVAL_ABSENT
s1-p12-v0-b0,APPROVAL_PRESENT
s1-p12-v0-b1,APPROVAL_ABSENT
s1-p13-v0-b0,APPROVAL_PRESENT
s1-p13-v0-b1,APPROVAL_ABSENT
s1-p14-v0-b0,APPROVAL_PRESENT
s1-p14-v0-b1,APPROVAL_ABSENT
s1-p15-v0-b0,APPROVAL_PRESENT
s1-p15-v0-b1,APPROVAL_ABSENT
s1-p16-v0-b0,APPROVAL_PRESENT
s1-p16-v0-b1,APPROVAL_ABSENT
s1-p17-v0-b0,APPROVAL_PRESENT
s1-p17-v0-b1,APPROVAL_ABSENT
s1-p18-v0-b0,APPROVAL_PRESENT
s1-p18-v0-b1,APPROVAL_ABSENT
s1-p19-v0-b0,APPROVAL_PRESENT
s1-p19-v0-b1,APPROVAL_ABSENT
s1-p0-v1-b0,APPROVAL_PRESENT
s1-p0-v1-b1,APPROVAL_ABSENT
s1-p1-v1-b0,APPROVAL_PRESENT
s1-p1-v1-b1,APPROVAL_ABSENT
s1-p2-v1-b0,APPROVAL_PRESENT
s1-p2-v1-b1,APPROVAL_ABSENT
s1-p3-v1-b0,APPROVAL_PRESENT
s1-p3-v1-b1,APPROVAL_ABSENT
s1-p4-v1-b0,APPROVAL_PRESENT
s1-p4-v1-b1,APPROVAL_ABSENT
s1-p5-v1-b0,APPROVAL_PRESENT
s1-p5-v1-b1,APPROVAL_ABSENT
s1-p6-v1-b0,APPROVAL_PRESENT
s1-p6-v1-b1,APPROVAL_ABSENT
s1-p7-v1-b0,APPROVAL_PRESENT
s1-p7-v1-b1,APPROVAL_ABSENT
s1-p8-v1-b0,APPROVAL_PRESENT
s1-p8-v1-b1,APPROVAL_ABSENT
s1-p9-v1-b0,APPROVAL_PRESENT
s1-p9-v1-b1,APPROVAL_ABSENT
s1-p10-v1-b0,APPROVAL_PRESENT
s1-p10-v1-b1,APPROVAL_ABSENT
s1-p11-v1-b0,APPROVAL_PRESENT
s1-p11-v1-b1,APPROVAL_ABSENT
s1-p12-v1-b0,APPROVAL_PRESENT
s1-p12-v1-b1,APPROVAL_ABSENT
s1-p13-v1-b0,APPROVAL_PRESENT
s1-p13-v1-b1,APPROVAL_ABSENT
s1-p14-v1-b0,APPROVAL_PRESENT
s1-p14-v1-b1,APPROVAL_ABSENT
s1-p15-v1-b0,APPROVAL_PRESENT
s1-p15-v1-b1,APPROVAL_ABSENT
s1-p16-v1-b0,APPROVAL_PRESENT
s1-p16-v1-b1,APPROVAL_ABSENT
s1-p17-v1-b0,APPROVAL_PRESENT
s1-p17-v1-b1,APPROVAL_ABSENT
s1-p18-v1-b0,APPROVAL_PRESENT
s1-p18-v1-b1,APPROVAL_ABSENT
s1-p19-v1-b0,APPROVAL_PRESENT
s1-p19-v1-b1,APPROVAL_ABSENT
s1-p0-v2-b0,APPROVAL_PRESENT
s1-p0-v2-b1,APPROVAL_ABSENT
s1-p1-v2-b0,APPROVAL_PRESENT
s1-p1-v2-b1,APPROVAL_ABSENT
s1-p2-v2-b0,APPROVAL_PRESENT
s1-p2-v2-b1,APPROVAL_ABSENT
s1-p3-v2-b0,APPROVAL_PRESENT
s1-p3-v2-b1,APPROVAL_ABSENT
s1-p4-v2-b0,APPROVAL_PRESENT
s1-p4-v2-b1,APPROVAL_ABSENT
s1-p5-v2-b0,APPROVAL_PRESENT
s1-p5-v2-b1,APPROVAL_ABSENT
s1-p6-v2-b0,APPROVAL_PRESENT
s1-p6-v2-b1,APPROVAL_ABSENT
s1-p7-v2-b0,APPROVAL_PRESENT
s1-p7-v2-b1,APPROVAL_ABSENT
s1-p8-v2-b0,APPROVAL_PRESENT
s1-p8-v2-b1,APPROVAL_ABSENT
s1-p9-v2-b0,APPROVAL_PRESENT
s1-p9-v2-b1,APPROVAL_ABSENT
s1-p10-v2-b0,APPROVAL_PRESENT
s1-p10-v2-b1,APPROVAL_ABSENT
s1-p11-v2-b0,APPROVAL_PRESENT
s1-p11-v2-b1,APPROVAL_ABSENT
s1-p12-v2-b0,APPROVAL_PRESENT
s1-p12-v2-b1,APPROVAL_ABSENT
s1-p13-v2-b0,APPROVAL_PRESENT
s1-p13-v2-b1,APPROVAL_ABSENT
s1-p14-v2-b0,APPROVAL_PRESENT
s1-p14-v2-b1,APPROVAL_ABSENT
s1-p15-v2-b0,APPROVAL_PRESENT
s1-p15-v2-b1,APPROVAL_ABSENT
s1-p16-v2-b0,APPROVAL_PRESENT
s1-p16-v2-b1,APPROVAL_ABSENT
s1-p17-v2-b0,APPROVAL_PRESENT
s1-p17-v2-b1,APPROVAL_ABSENT
s1-p18-v2-b0,APPROVAL_PRESENT
s1-p18-v2-b1,APPROVAL_ABSENT
s1-p19-v2-b0,APPROVAL_PRESENT
s1-p19-v2-b1,APPROVAL_ABSENT
s2-p0-v0-b0,APPROVAL_PRESENT
s2-p0-v0-b1,APPROVAL_ABSENT
s2-p1-v0-b0,APPROVAL_PRESENT
s2-p1-v0-b1,APPROVAL_ABSENT
s2-p2-v0-b0,APPROVAL_PRESENT
s2-p2-v0-b1,APPROVAL_ABSENT
s2-p3-v0-b0,APPROVAL_PRESENT
s2-p3-v0-b1,APPROVAL_ABSENT
s2-p4-v0-b0,APPROVAL_PRESENT
s2-p4-v0-b1,APPROVAL_ABSENT
s2-p5-v0-b0,APPROVAL_PRESENT
s2-p5-v0-b1,APPROVAL_ABSENT
s2-p6-v0-b0,APPROVAL_PRESENT
s2-p6-v0-b1,APPROVAL_ABSENT
s2-p7-v0-b0,APPROVAL_PRESENT
s2-p7-v0-b1,APPROVAL_ABSENT
s2-p8-v0-b0,APPROVAL_PRESENT
s2-p8-v0-b1,APPROVAL_ABSENT
s2-p9-v0-b0,APPROVAL_PRESENT
s2-p9-v0-b1,APPROVAL_ABSENT
s2-p10-v0-b0,APPROVAL_PRESENT
s2-p10-v0-b1,APPROVAL_ABSENT
s2-p11-v0-b0,APPROVAL_PRESENT
s2-p11-v0-b1,APPROVAL_ABSENT
s2-p12-v0-b0,APPROVAL_PRESENT
s2-p12-v0-b1,APPROVAL_ABSENT
s2-p13-v0-b0,APPROVAL_PRESENT
s2-p13-v0-b1,APPROVAL_ABSENT
s2-p14-v0-b0,APPROVAL_PRESENT
s2-p14-v0-b1,APPROVAL_ABSENT
s2-p15-v0-b0,APPROVAL_PRESENT
s2-p15-v0-b1,APPROVAL_ABSENT
s2-p16-v0-b0,APPROVAL_PRESENT
s2-p16-v0-b1,APPROVAL_ABSENT
s2-p17-v0-b0,APPROVAL_PRESENT
s2-p17-v0-b1,APPROVAL_ABSENT
s2-p18-v0-b0,APPROVAL_PRESENT
s2-p18-v0-b1,APPROVAL_ABSENT
s2-p19-v0-b0,APPROVAL_PRESENT
s2-p19-v0-b1,APPROVAL_ABSENT
s2-p0-v1-b0,APPROVAL_PRESENT
s2-p0-v1-b1,APPROVAL_ABSENT
s2-p1-v1-b0,APPROVAL_PRESENT
s2-p1-v1-b1,APPROVAL_ABSENT
s2-p2-v1-b0,APPROVAL_PRESENT
s2-p2-v1-b1,APPROVAL_ABSENT
s2-p3-v1-b0,APPROVAL_PRESENT
s2-p3-v1-b1,APPROVAL_ABSENT
s2-p4-v1-b0,APPROVAL_PRESENT
s2-p4-v1-b1,APPROVAL_ABSENT
s2-p5-v1-b0,APPROVAL_PRESENT
s2-p5-v1-b1,APPROVAL_ABSENT
s2-p6-v1-b0,APPROVAL_PRESENT
s2-p6-v1-b1,APPROVAL_ABSENT
s2-p7-v1-b0,APPROVAL_PRESENT
s2-p7-v1-b1,APPROVAL_ABSENT
s2-p8-v1-b0,APPROVAL_PRESENT
s2-p8-v1-b1,APPROVAL_ABSENT
s2-p9-v1-b0,APPROVAL_PRESENT
s2-p9-v1-b1,APPROVAL_ABSENT
s2-p10-v1-b0,APPROVAL_PRESENT
s2-p10-v1-b1,APPROVAL_ABSENT
s2-p11-v1-b0,APPROVAL_PRESENT
s2-p11-v1-b1,APPROVAL_ABSENT
s2-p12-v1-b0,APPROVAL_PRESENT
s2-p12-v1-b1,APPROVAL_ABSENT
s2-p13-v1-b0,APPROVAL_PRESENT
s2-p13-v1-b1,APPROVAL_ABSENT
s2-p14-v1-b0,APPROVAL_PRESENT
s2-p14-v1-b1,APPROVAL_ABSENT
s2-p15-v1-b0,APPROVAL_PRESENT
s2-p15-v1-b1,APPROVAL_ABSENT
s2-p16-v1-b0,APPROVAL_PRESENT
s2-p16-v1-b1,APPROVAL_ABSENT
s2-p17-v1-b0,APPROVAL_PRESENT
s2-p17-v1-b1,APPROVAL_ABSENT
s2-p18-v1-b0,APPROVAL_PRESENT
s2-p18-v1-b1,APPROVAL_ABSENT
s2-p19-v1-b0,APPROVAL_PRESENT
s2-p19-v1-b1,APPROVAL_ABSENT
s2-p0-v2-b0,APPROVAL_PRESENT
s2-p0-v2-b1,APPROVAL_ABSENT
s2-p1-v2-b0,APPROVAL_PRESENT
s2-p1-v2-b1,APPROVAL_ABSENT
s2-p2-v2-b0,APPROVAL_PRESENT
s2-p2-v2-b1,APPROVAL_ABSENT
s2-p3-v2-b0,APPROVAL_PRESENT
s2-p3-v2-b1,APPROVAL_ABSENT
s2-p4-v2-b0,APPROVAL_PRESENT
s2-p4-v2-b1,APPROVAL_ABSENT
s2-p5-v2-b0,APPROVAL_PRESENT
s2-p5-v2-b1,APPROVAL_ABSENT
s2-p6-v2-b0,APPROVAL_PRESENT
s2-p6-v2-b1,APPROVAL_ABSENT
s2-p7-v2-b0,APPROVAL_PRESENT
s2-p7-v2-b1,APPROVAL_ABSENT
s2-p8-v2-b0,APPROVAL_PRESENT
s2-p8-v2-b1,APPROVAL_ABSENT
s2-p9-v2-b0,APPROVAL_PRESENT
s2-p9-v2-b1,APPROVAL_ABSENT
s2-p10-v2-b0,APPROVAL_PRESENT
s2-p10-v2-b1,APPROVAL_ABSENT
s2-p11-v2-b0,APPROVAL_PRESENT
s2-p11-v2-b1,APPROVAL_ABSENT
s2-p12-v2-b0,APPROVAL_PRESENT
s2-p12-v2-b1,APPROVAL_ABSENT
s2-p13-v2-b0,APPROVAL_PRESENT
s2-p13-v2-b1,APPROVAL_ABSENT
s2-p14-v2-b0,APPROVAL_PRESENT
s2-p14-v2-b1,APPROVAL_ABSENT
s2-p15-v2-b0,APPROVAL_PRESENT
s2-p15-v2-b1,APPROVAL_ABSENT
s2-p16-v2-b0,APPROVAL_PRESENT
s2-p16-v2-b1,APPROVAL_ABSENT
s2-p17-v2-b0,APPROVAL_PRESENT
s2-p17-v2-b1,APPROVAL_ABSENT
s2-p18-v2-b0,APPROVAL_PRESENT
s2-p18-v2-b1,APPROVAL_ABSENT
s2-p19-v2-b0,APPROVAL_PRESENT
s2-p19-v2-b1,APPROVAL_ABSENT
