seed,system,distribution,variant,feature,split,metric,value,permutation
0,GAAP-derived,balanced,MODULAR-ORAM,F0,random,accuracy,0.4652777777777778,0.5041666666666667
0,GAAP-derived,balanced,MODULAR-ORAM,F0,random,macro_f1,0.3175355450236967,0.5041666666666667
0,GAAP-derived,balanced,MODULAR-ORAM,F0,random,roc_auc,0.5,0.5041666666666667
0,GAAP-derived,balanced,MODULAR-ORAM,F1,random,accuracy,1.0,0.5388888888888889
0,GAAP-derived,balanced,MODULAR-ORAM,F1,random,macro_f1,1.0,0.5388888888888889
0,GAAP-derived,balanced,MODULAR-ORAM,F1,random,roc_auc,1.0,0.5388888888888889
0,GAAP-derived,balanced,MODULAR-ORAM,F2,random,accuracy,1.0,0.5388888888888889
0,GAAP-derived,balanced,MODULAR-ORAM,F2,random,macro_f1,1.0,0.5388888888888889
0,GAAP-derived,balanced,MODULAR-ORAM,F2,random,roc_auc,1.0,0.5388888888888889
0,GAAP-derived,balanced,MODULAR-ORAM,F3,random,accuracy,1.0,0.5388888888888889
0,GAAP-derived,balanced,MODULAR-ORAM,F3,random,macro_f1,1.0,0.5388888888888889
0,GAAP-derived,balanced,MODULAR-ORAM,F3,random,roc_auc,1.0,0.5388888888888889
0,GAAP-derived,balanced,MODULAR-ORAM,F4,random,accuracy,1.0,0.5388888888888889
0,GAAP-derived,balanced,MODULAR-ORAM,F4,random,macro_f1,1.0,0.5388888888888889
0,GAAP-derived,balanced,MODULAR-ORAM,F4,random,roc_auc,1.0,0.5388888888888889
0,GAAP-derived,balanced,MODULAR-ORAM,F4,grouped_entity,accuracy,1.0,0.5404040404040404
0,GAAP-derived,balanced,MODULAR-ORAM,F4,grouped_entity,macro_f1,1.0,0.5404040404040404
0,GAAP-derived,balanced,MODULAR-ORAM,F4,grouped_entity,roc_auc,1.0,0.5404040404040404
0,GAAP-derived,balanced,MODULAR-ORAM,F5,random,accuracy,1.0,0.4888888888888889
0,GAAP-derived,balanced,MODULAR-ORAM,F5,random,macro_f1,1.0,0.4888888888888889
0,GAAP-derived,balanced,MODULAR-ORAM,F5,random,roc_auc,1.0,0.4888888888888889
0,GAAP-derived,balanced,CANONICAL-MODULAR,F0,random,accuracy,0.4652777777777778,0.5041666666666667
0,GAAP-derived,balanced,CANONICAL-MODULAR,F0,random,macro_f1,0.3175355450236967,0.5041666666666667
0,GAAP-derived,balanced,CANONICAL-MODULAR,F0,random,roc_auc,0.5,0.5041666666666667
0,GAAP-derived,balanced,CANONICAL-MODULAR,F1,random,accuracy,0.4652777777777778,0.5041666666666667
0,GAAP-derived,balanced,CANONICAL-MODULAR,F1,random,macro_f1,0.3175355450236967,0.5041666666666667
0,GAAP-derived,balanced,CANONICAL-MODULAR,F1,random,roc_auc,0.5,0.5041666666666667
0,GAAP-derived,balanced,CANONICAL-MODULAR,F2,random,accuracy,0.4652777777777778,0.5041666666666667
0,GAAP-derived,balanced,CANONICAL-MODULAR,F2,random,macro_f1,0.3175355450236967,0.5041666666666667
0,GAAP-derived,balanced,CANONICAL-MODULAR,F2,random,roc_auc,0.5,0.5041666666666667
0,GAAP-derived,balanced,CANONICAL-MODULAR,F3,random,accuracy,0.4652777777777778,0.5041666666666667
0,GAAP-derived,balanced,CANONICAL-MODULAR,F3,random,macro_f1,0.3175355450236967,0.5041666666666667
0,GAAP-derived,balanced,CANONICAL-MODULAR,F3,random,roc_auc,0.5,0.5041666666666667
0,GAAP-derived,balanced,CANONICAL-MODULAR,F4,random,accuracy,0.4652777777777778,0.5041666666666667
0,GAAP-derived,balanced,CANONICAL-MODULAR,F4,random,macro_f1,0.3175355450236967,0.5041666666666667
0,GAAP-derived,balanced,CANONICAL-MODULAR,F4,random,roc_auc,0.5,0.5041666666666667
0,GAAP-derived,balanced,CANONICAL-MODULAR,F4,grouped_entity,accuracy,0.5067340067340067,0.5252525252525253
0,GAAP-derived,balanced,CANONICAL-MODULAR,F4,grouped_entity,macro_f1,0.33631284916201115,0.5252525252525253
0,GAAP-derived,balanced,CANONICAL-MODULAR,F4,grouped_entity,roc_auc,0.5,0.5252525252525253
0,GAAP-derived,balanced,CANONICAL-MODULAR,F5,random,accuracy,0.4986111111111111,0.5166666666666667
0,GAAP-derived,balanced,CANONICAL-MODULAR,F5,random,macro_f1,0.4974235026828443,0.5166666666666667
0,GAAP-derived,balanced,CANONICAL-MODULAR,F5,random,roc_auc,0.5101182399689862,0.5166666666666667
0,GAAP-derived,balanced,UNIFIED-ORAM,F0,random,accuracy,0.4652777777777778,0.5041666666666667
0,GAAP-derived,balanced,UNIFIED-ORAM,F0,random,macro_f1,0.3175355450236967,0.5041666666666667
0,GAAP-derived,balanced,UNIFIED-ORAM,F0,random,roc_auc,0.5,0.5041666666666667
0,GAAP-derived,balanced,UNIFIED-ORAM,F1,random,accuracy,0.4652777777777778,0.5041666666666667
0,GAAP-derived,balanced,UNIFIED-ORAM,F1,random,macro_f1,0.3175355450236967,0.5041666666666667
0,GAAP-derived,balanced,UNIFIED-ORAM,F1,random,roc_auc,0.5,0.5041666666666667
0,GAAP-derived,balanced,UNIFIED-ORAM,F2,random,accuracy,0.4652777777777778,0.5041666666666667
0,GAAP-derived,balanced,UNIFIED-ORAM,F2,random,macro_f1,0.3175355450236967,0.5041666666666667
0,GAAP-derived,balanced,UNIFIED-ORAM,F2,random,roc_auc,0.5,0.5041666666666667
0,GAAP-derived,balanced,UNIFIED-ORAM,F3,random,accuracy,0.4652777777777778,0.5041666666666667
0,GAAP-derived,balanced,UNIFIED-ORAM,F3,random,macro_f1,0.3175355450236967,0.5041666666666667
0,GAAP-derived,balanced,UNIFIED-ORAM,F3,random,roc_auc,0.5,0.5041666666666667
0,GAAP-derived,balanced,UNIFIED-ORAM,F4,random,accuracy,0.4652777777777778,0.5041666666666667
0,GAAP-derived,balanced,UNIFIED-ORAM,F4,random,macro_f1,0.3175355450236967,0.5041666666666667
0,GAAP-derived,balanced,UNIFIED-ORAM,F4,random,roc_auc,0.5,0.5041666666666667
0,GAAP-derived,balanced,UNIFIED-ORAM,F4,grouped_entity,accuracy,0.5067340067340067,0.5252525252525253
0,GAAP-derived,balanced,UNIFIED-ORAM,F4,grouped_entity,macro_f1,0.33631284916201115,0.5252525252525253
0,GAAP-derived,balanced,UNIFIED-ORAM,F4,grouped_entity,roc_auc,0.5,0.5252525252525253
0,GAAP-derived,balanced,UNIFIED-ORAM,F5,random,accuracy,0.5013888888888889,0.4652777777777778
0,GAAP-derived,balanced,UNIFIED-ORAM,F5,random,macro_f1,0.4848522896450288,0.4652777777777778
0,GAAP-derived,balanced,UNIFIED-ORAM,F5,random,roc_auc,0.5270401240550494,0.4652777777777778
0,GAAP-derived,balanced,UNIFIED-ORAM-PAD,F0,random,accuracy,0.4652777777777778,0.5041666666666667
0,GAAP-derived,balanced,UNIFIED-ORAM-PAD,F0,random,macro_f1,0.3175355450236967,0.5041666666666667
0,GAAP-derived,balanced,UNIFIED-ORAM-PAD,F0,random,roc_auc,0.5,0.5041666666666667
0,GAAP-derived,balanced,UNIFIED-ORAM-PAD,F1,random,accuracy,0.4652777777777778,0.5041666666666667
0,GAAP-derived,balanced,UNIFIED-ORAM-PAD,F1,random,macro_f1,0.3175355450236967,0.5041666666666667
0,GAAP-derived,balanced,UNIFIED-ORAM-PAD,F1,random,roc_auc,0.5,0.5041666666666667
0,GAAP-derived,balanced,UNIFIED-ORAM-PAD,F2,random,accuracy,0.4652777777777778,0.5041666666666667
0,GAAP-derived,balanced,UNIFIED-ORAM-PAD,F2,random,macro_f1,0.3175355450236967,0.5041666666666667
0,GAAP-derived,balanced,UNIFIED-ORAM-PAD,F2,random,roc_auc,0.5,0.5041666666666667
0,GAAP-derived,balanced,UNIFIED-ORAM-PAD,F3,random,accuracy,0.4652777777777778,0.5041666666666667
0,GAAP-derived,balanced,UNIFIED-ORAM-PAD,F3,random,macro_f1,0.3175355450236967,0.5041666666666667
0,GAAP-derived,balanced,UNIFIED-ORAM-PAD,F3,random,roc_auc,0.5,0.5041666666666667
0,GAAP-derived,balanced,UNIFIED-ORAM-PAD,F4,random,accuracy,0.4652777777777778,0.5041666666666667
0,GAAP-derived,balanced,UNIFIED-ORAM-PAD,F4,random,macro_f1,0.3175355450236967,0.5041666666666667
0,GAAP-derived,balanced,UNIFIED-ORAM-PAD,F4,random,roc_auc,0.5,0.5041666666666667
0,GAAP-derived,balanced,UNIFIED-ORAM-PAD,F4,grouped_entity,accuracy,0.5067340067340067,0.5252525252525253
0,GAAP-derived,balanced,UNIFIED-ORAM-PAD,F4,grouped_entity,macro_f1,0.33631284916201115,0.5252525252525253
0,GAAP-derived,balanced,UNIFIED-ORAM-PAD,F4,grouped_entity,roc_auc,0.5,0.5252525252525253
0,GAAP-derived,balanced,UNIFIED-ORAM-PAD,F5,random,accuracy,0.4777777777777778,0.5222222222222223
0,GAAP-derived,balanced,UNIFIED-ORAM-PAD,F5,random,macro_f1,0.4694885361552028,0.5222222222222223
0,GAAP-derived,balanced,UNIFIED-ORAM-PAD,F5,random,roc_auc,0.49554564838146925,0.5222222222222223
0,GAAP-derived,natural,MODULAR-ORAM,F0,random,accuracy,0.7041666666666667,0.6958333333333333
0,GAAP-derived,natural,MODULAR-ORAM,F0,random,macro_f1,0.4132029339853301,0.6958333333333333
0,GAAP-derived,natural,MODULAR-ORAM,F0,random,roc_auc,0.5,0.6958333333333333
0,GAAP-derived,natural,MODULAR-ORAM,F1,random,accuracy,1.0,0.6958333333333333
0,GAAP-derived,natural,MODULAR-ORAM,F1,random,macro_f1,1.0,0.6958333333333333
0,GAAP-derived,natural,MODULAR-ORAM,F1,random,roc_auc,1.0,0.6958333333333333
0,GAAP-derived,natural,MODULAR-ORAM,F2,random,accuracy,1.0,0.6958333333333333
0,GAAP-derived,natural,MODULAR-ORAM,F2,random,macro_f1,1.0,0.6958333333333333
0,GAAP-derived,natural,MODULAR-ORAM,F2,random,roc_auc,1.0,0.6958333333333333
0,GAAP-derived,natural,MODULAR-ORAM,F3,random,accuracy,1.0,0.6958333333333333
0,GAAP-derived,natural,MODULAR-ORAM,F3,random,macro_f1,1.0,0.6958333333333333
0,GAAP-derived,natural,MODULAR-ORAM,F3,random,roc_auc,1.0,0.6958333333333333
0,GAAP-derived,natural,MODULAR-ORAM,F4,random,accuracy,1.0,0.6958333333333333
0,GAAP-derived,natural,MODULAR-ORAM,F4,random,macro_f1,1.0,0.6958333333333333
0,GAAP-derived,natural,MODULAR-ORAM,F4,random,roc_auc,1.0,0.6958333333333333
0,GAAP-derived,natural,MODULAR-ORAM,F5,random,accuracy,1.0,0.6819444444444445
0,GAAP-derived,natural,MODULAR-ORAM,F5,random,macro_f1,1.0,0.6819444444444445
0,GAAP-derived,natural,MODULAR-ORAM,F5,random,roc_auc,1.0,0.6819444444444445
0,GAAP-derived,natural,CANONICAL-MODULAR,F0,random,accuracy,0.7041666666666667,0.6958333333333333
0,GAAP-derived,natural,CANONICAL-MODULAR,F0,random,macro_f1,0.4132029339853301,0.6958333333333333
0,GAAP-derived,natural,CANONICAL-MODULAR,F0,random,roc_auc,0.5,0.6958333333333333
0,GAAP-derived,natural,CANONICAL-MODULAR,F1,random,accuracy,0.7041666666666667,0.6958333333333333
0,GAAP-derived,natural,CANONICAL-MODULAR,F1,random,macro_f1,0.4132029339853301,0.6958333333333333
0,GAAP-derived,natural,CANONICAL-MODULAR,F1,random,roc_auc,0.5,0.6958333333333333
0,GAAP-derived,natural,CANONICAL-MODULAR,F2,random,accuracy,0.7041666666666667,0.6958333333333333
0,GAAP-derived,natural,CANONICAL-MODULAR,F2,random,macro_f1,0.4132029339853301,0.6958333333333333
0,GAAP-derived,natural,CANONICAL-MODULAR,F2,random,roc_auc,0.5,0.6958333333333333
0,GAAP-derived,natural,CANONICAL-MODULAR,F3,random,accuracy,0.7041666666666667,0.6958333333333333
0,GAAP-derived,natural,CANONICAL-MODULAR,F3,random,macro_f1,0.4132029339853301,0.6958333333333333
0,GAAP-derived,natural,CANONICAL-MODULAR,F3,random,roc_auc,0.5,0.6958333333333333
0,GAAP-derived,natural,CANONICAL-MODULAR,F4,random,accuracy,0.7041666666666667,0.6958333333333333
0,GAAP-derived,natural,CANONICAL-MODULAR,F4,random,macro_f1,0.4132029339853301,0.6958333333333333
0,GAAP-derived,natural,CANONICAL-MODULAR,F4,random,roc_auc,0.5,0.6958333333333333
0,GAAP-derived,natural,CANONICAL-MODULAR,F5,random,accuracy,0.6847222222222222,0.6708333333333333
0,GAAP-derived,natural,CANONICAL-MODULAR,F5,random,macro_f1,0.43810142640551997,0.6708333333333333
0,GAAP-derived,natural,CANONICAL-MODULAR,F5,random,roc_auc,0.48453111833393525,0.6708333333333333
0,GAAP-derived,natural,UNIFIED-ORAM,F0,random,accuracy,0.7041666666666667,0.6958333333333333
0,GAAP-derived,natural,UNIFIED-ORAM,F0,random,macro_f1,0.4132029339853301,0.6958333333333333
0,GAAP-derived,natural,UNIFIED-ORAM,F0,random,roc_auc,0.5,0.6958333333333333
0,GAAP-derived,natural,UNIFIED-ORAM,F1,random,accuracy,0.7041666666666667,0.6958333333333333
0,GAAP-derived,natural,UNIFIED-ORAM,F1,random,macro_f1,0.4132029339853301,0.6958333333333333
0,GAAP-derived,natural,UNIFIED-ORAM,F1,random,roc_auc,0.5,0.6958333333333333
0,GAAP-derived,natural,UNIFIED-ORAM,F2,random,accuracy,0.7041666666666667,0.6958333333333333
0,GAAP-derived,natural,UNIFIED-ORAM,F2,random,macro_f1,0.4132029339853301,0.6958333333333333
0,GAAP-derived,natural,UNIFIED-ORAM,F2,random,roc_auc,0.5,0.6958333333333333
0,GAAP-derived,natural,UNIFIED-ORAM,F3,random,accuracy,0.7041666666666667,0.6958333333333333
0,GAAP-derived,natural,UNIFIED-ORAM,F3,random,macro_f1,0.4132029339853301,0.6958333333333333
0,GAAP-derived,natural,UNIFIED-ORAM,F3,random,roc_auc,0.5,0.6958333333333333
0,GAAP-derived,natural,UNIFIED-ORAM,F4,random,accuracy,0.7041666666666667,0.6958333333333333
0,GAAP-derived,natural,UNIFIED-ORAM,F4,random,macro_f1,0.4132029339853301,0.6958333333333333
0,GAAP-derived,natural,UNIFIED-ORAM,F4,random,roc_auc,0.5,0.6958333333333333
0,GAAP-derived,natural,UNIFIED-ORAM,F5,random,accuracy,0.7041666666666667,0.6972222222222222
0,GAAP-derived,natural,UNIFIED-ORAM,F5,random,macro_f1,0.4177123872804936,0.6972222222222222
0,GAAP-derived,natural,UNIFIED-ORAM,F5,random,roc_auc,0.5091581705882897,0.6972222222222222
0,GAAP-derived,natural,UNIFIED-ORAM-PAD,F0,random,accuracy,0.7041666666666667,0.6958333333333333
0,GAAP-derived,natural,UNIFIED-ORAM-PAD,F0,random,macro_f1,0.4132029339853301,0.6958333333333333
0,GAAP-derived,natural,UNIFIED-ORAM-PAD,F0,random,roc_auc,0.5,0.6958333333333333
0,GAAP-derived,natural,UNIFIED-ORAM-PAD,F1,random,accuracy,0.7041666666666667,0.6958333333333333
0,GAAP-derived,natural,UNIFIED-ORAM-PAD,F1,random,macro_f1,0.4132029339853301,0.6958333333333333
0,GAAP-derived,natural,UNIFIED-ORAM-PAD,F1,random,roc_auc,0.5,0.6958333333333333
0,GAAP-derived,natural,UNIFIED-ORAM-PAD,F2,random,accuracy,0.7041666666666667,0.6958333333333333
0,GAAP-derived,natural,UNIFIED-ORAM-PAD,F2,random,macro_f1,0.4132029339853301,0.6958333333333333
0,GAAP-derived,natural,UNIFIED-ORAM-PAD,F2,random,roc_auc,0.5,0.6958333333333333
0,GAAP-derived,natural,UNIFIED-ORAM-PAD,F3,random,accuracy,0.7041666666666667,0.6958333333333333
0,GAAP-derived,natural,UNIFIED-ORAM-PAD,F3,random,macro_f1,0.4132029339853301,0.6958333333333333
0,GAAP-derived,natural,UNIFIED-ORAM-PAD,F3,random,roc_auc,0.5,0.6958333333333333
0,GAAP-derived,natural,UNIFIED-ORAM-PAD,F4,random,accuracy,0.7041666666666667,0.6958333333333333
0,GAAP-derived,natural,UNIFIED-ORAM-PAD,F4,random,macro_f1,0.4132029339853301,0.6958333333333333
0,GAAP-derived,natural,UNIFIED-ORAM-PAD,F4,random,roc_auc,0.5,0.6958333333333333
0,GAAP-derived,natural,UNIFIED-ORAM-PAD,F5,random,accuracy,0.7041666666666667,0.6944444444444444
0,GAAP-derived,natural,UNIFIED-ORAM-PAD,F5,random,macro_f1,0.4177123872804936,0.6944444444444444
0,GAAP-derived,natural,UNIFIED-ORAM-PAD,F5,random,roc_auc,0.496430258077062,0.6944444444444444
0,PAuth-derived,balanced,MODULAR-ORAM,F0,random,accuracy,0.4652777777777778,0.5041666666666667
0,PAuth-derived,balanced,MODULAR-ORAM,F0,random,macro_f1,0.3175355450236967,0.5041666666666667
0,PAuth-derived,balanced,MODULAR-ORAM,F0,random,roc_auc,0.5,0.5041666666666667
0,PAuth-derived,balanced,MODULAR-ORAM,F1,random,accuracy,0.4652777777777778,0.5041666666666667
0,PAuth-derived,balanced,MODULAR-ORAM,F1,random,macro_f1,0.3175355450236967,0.5041666666666667
0,PAuth-derived,balanced,MODULAR-ORAM,F1,random,roc_auc,0.5,0.5041666666666667
0,PAuth-derived,balanced,MODULAR-ORAM,F2,random,accuracy,0.4652777777777778,0.5041666666666667
0,PAuth-derived,balanced,MODULAR-ORAM,F2,random,macro_f1,0.3175355450236967,0.5041666666666667
0,PAuth-derived,balanced,MODULAR-ORAM,F2,random,roc_auc,0.5,0.5041666666666667
0,PAuth-derived,balanced,MODULAR-ORAM,F3,random,accuracy,0.4652777777777778,0.5041666666666667
0,PAuth-derived,balanced,MODULAR-ORAM,F3,random,macro_f1,0.3175355450236967,0.5041666666666667
0,PAuth-derived,balanced,MODULAR-ORAM,F3,random,roc_auc,0.5,0.5041666666666667
0,PAuth-derived,balanced,MODULAR-ORAM,F4,random,accuracy,0.4652777777777778,0.5041666666666667
0,PAuth-derived,balanced,MODULAR-ORAM,F4,random,macro_f1,0.3175355450236967,0.5041666666666667
0,PAuth-derived,balanced,MODULAR-ORAM,F4,random,roc_auc,0.5,0.5041666666666667
0,PAuth-derived,balanced,MODULAR-ORAM,F4,grouped_entity,accuracy,0.5067340067340067,0.5252525252525253
0,PAuth-derived,balanced,MODULAR-ORAM,F4,grouped_entity,macro_f1,0.33631284916201115,0.5252525252525253
0,PAuth-derived,balanced,MODULAR-ORAM,F4,grouped_entity,roc_auc,0.5,0.5252525252525253
0,PAuth-derived,balanced,MODULAR-ORAM,F5,random,accuracy,0.4666666666666667,0.5013888888888889
0,PAuth-derived,balanced,MODULAR-ORAM,F5,random,macro_f1,0.45090126232334227,0.5013888888888889
0,PAuth-derived,balanced,MODULAR-ORAM,F5,random,roc_auc,0.4740492343477418,0.5013888888888889
0,PAuth-derived,balanced,CANONICAL-MODULAR,F0,random,accuracy,0.4652777777777778,0.5041666666666667
0,PAuth-derived,balanced,CANONICAL-MODULAR,F0,random,macro_f1,0.3175355450236967,0.5041666666666667
0,PAuth-derived,balanced,CANONICAL-MODULAR,F0,random,roc_auc,0.5,0.5041666666666667
0,PAuth-derived,balanced,CANONICAL-MODULAR,F1,random,accuracy,0.4652777777777778,0.5041666666666667
0,PAuth-derived,balanced,CANONICAL-MODULAR,F1,random,macro_f1,0.3175355450236967,0.5041666666666667
0,PAuth-derived,balanced,CANONICAL-MODULAR,F1,random,roc_auc,0.5,0.5041666666666667
0,PAuth-derived,balanced,CANONICAL-MODULAR,F2,random,accuracy,0.4652777777777778,0.5041666666666667
0,PAuth-derived,balanced,CANONICAL-MODULAR,F2,random,macro_f1,0.3175355450236967,0.5041666666666667
0,PAuth-derived,balanced,CANONICAL-MODULAR,F2,random,roc_auc,0.5,0.5041666666666667
0,PAuth-derived,balanced,CANONICAL-MODULAR,F3,random,accuracy,0.4652777777777778,0.5041666666666667
0,PAuth-derived,balanced,CANONICAL-MODULAR,F3,random,macro_f1,0.3175355450236967,0.5041666666666667
0,PAuth-derived,balanced,CANONICAL-MODULAR,F3,random,roc_auc,0.5,0.5041666666666667
0,PAuth-derived,balanced,CANONICAL-MODULAR,F4,random,accuracy,0.4652777777777778,0.5041666666666667
0,PAuth-derived,balanced,CANONICAL-MODULAR,F4,random,macro_f1,0.3175355450236967,0.5041666666666667
0,PAuth-derived,balanced,CANONICAL-MODULAR,F4,random,roc_auc,0.5,0.5041666666666667
0,PAuth-derived,balanced,CANONICAL-MODULAR,F4,grouped_entity,accuracy,0.5067340067340067,0.5252525252525253
0,PAuth-derived,balanced,CANONICAL-MODULAR,F4,grouped_entity,macro_f1,0.33631284916201115,0.5252525252525253
0,PAuth-derived,balanced,CANONICAL-MODULAR,F4,grouped_entity,roc_auc,0.5,0.5252525252525253
0,PAuth-derived,balanced,CANONICAL-MODULAR,F5,random,accuracy,0.4666666666666667,0.5013888888888889
0,PAuth-derived,balanced,CANONICAL-MODULAR,F5,random,macro_f1,0.45090126232334227,0.5013888888888889
0,PAuth-derived,balanced,CANONICAL-MODULAR,F5,random,roc_auc,0.4740492343477418,0.5013888888888889
0,PAuth-derived,balanced,UNIFIED-ORAM,F0,random,accuracy,0.4652777777777778,0.5041666666666667
0,PAuth-derived,balanced,UNIFIED-ORAM,F0,random,macro_f1,0.3175355450236967,0.5041666666666667
0,PAuth-derived,balanced,UNIFIED-ORAM,F0,random,roc_auc,0.5,0.5041666666666667
0,PAuth-derived,balanced,UNIFIED-ORAM,F1,random,accuracy,0.4652777777777778,0.5041666666666667
0,PAuth-derived,balanced,UNIFIED-ORAM,F1,random,macro_f1,0.3175355450236967,0.5041666666666667
0,PAuth-derived,balanced,UNIFIED-ORAM,F1,random,roc_auc,0.5,0.5041666666666667
0,PAuth-derived,balanced,UNIFIED-ORAM,F2,random,accuracy,0.4652777777777778,0.5041666666666667
0,PAuth-derived,balanced,UNIFIED-ORAM,F2,random,macro_f1,0.3175355450236967,0.5041666666666667
0,PAuth-derived,balanced,UNIFIED-ORAM,F2,random,roc_auc,0.5,0.5041666666666667
0,PAuth-derived,balanced,UNIFIED-ORAM,F3,random,accuracy,0.4652777777777778,0.5041666666666667
0,PAuth-derived,balanced,UNIFIED-ORAM,F3,random,macro_f1,0.3175355450236967,0.5041666666666667
0,PAuth-derived,balanced,UNIFIED-ORAM,F3,random,roc_auc,0.5,0.5041666666666667
0,PAuth-derived,balanced,UNIFIED-ORAM,F4,random,accuracy,0.4652777777777778,0.5041666666666667
0,PAuth-derived,balanced,UNIFIED-ORAM,F4,random,macro_f1,0.3175355450236967,0.5041666666666667
0,PAuth-derived,balanced,UNIFIED-ORAM,F4,random,roc_auc,0.5,0.5041666666666667
0,PAuth-derived,balanced,UNIFIED-ORAM,F4,grouped_entity,accuracy,0.5067340067340067,0.5252525252525253
0,PAuth-derived,balanced,UNIFIED-ORAM,F4,grouped_entity,macro_f1,0.33631284916201115,0.5252525252525253
0,PAuth-derived,balanced,UNIFIED-ORAM,F4,grouped_entity,roc_auc,0.5,0.5252525252525253
0,PAuth-derived,balanced,UNIFIED-ORAM,F5,random,accuracy,0.4666666666666667,0.5013888888888889
0,PAuth-derived,balanced,UNIFIED-ORAM,F5,random,macro_f1,0.45090126232334227,0.5013888888888889
0,PAuth-derived,balanced,UNIFIED-ORAM,F5,random,roc_auc,0.4740492343477418,0.5013888888888889
0,PAuth-derived,balanced,UNIFIED-ORAM-PAD,F0,random,accuracy,0.4652777777777778,0.5041666666666667
0,PAuth-derived,balanced,UNIFIED-ORAM-PAD,F0,random,macro_f1,0.3175355450236967,0.5041666666666667
0,PAuth-derived,balanced,UNIFIED-ORAM-PAD,F0,random,roc_auc,0.5,0.5041666666666667
0,PAuth-derived,balanced,UNIFIED-ORAM-PAD,F1,random,accuracy,0.4652777777777778,0.5041666666666667
0,PAuth-derived,balanced,UNIFIED-ORAM-PAD,F1,random,macro_f1,0.3175355450236967,0.5041666666666667
0,PAuth-derived,balanced,UNIFIED-ORAM-PAD,F1,random,roc_auc,0.5,0.5041666666666667
0,PAuth-derived,balanced,UNIFIED-ORAM-PAD,F2,random,accuracy,0.4652777777777778,0.5041666666666667
0,PAuth-derived,balanced,UNIFIED-ORAM-PAD,F2,random,macro_f1,0.3175355450236967,0.5041666666666667
0,PAuth-derived,balanced,UNIFIED-ORAM-PAD,F2,random,roc_auc,0.5,0.5041666666666667
0,PAuth-derived,balanced,UNIFIED-ORAM-PAD,F3,random,accuracy,0.4652777777777778,0.5041666666666667
0,PAuth-derived,balanced,UNIFIED-ORAM-PAD,F3,random,macro_f1,0.3175355450236967,0.5041666666666667
0,PAuth-derived,balanced,UNIFIED-ORAM-PAD,F3,random,roc_auc,0.5,0.5041666666666667
0,PAuth-derived,balanced,UNIFIED-ORAM-PAD,F4,random,accuracy,0.4652777777777778,0.5041666666666667
0,PAuth-derived,balanced,UNIFIED-ORAM-PAD,F4,random,macro_f1,0.3175355450236967,0.5041666666666667
0,PAuth-derived,balanced,UNIFIED-ORAM-PAD,F4,random,roc_auc,0.5,0.5041666666666667
0,PAuth-derived,balanced,UNIFIED-ORAM-PAD,F4,grouped_entity,accuracy,0.5067340067340067,0.5252525252525253
0,PAuth-derived,balanced,UNIFIED-ORAM-PAD,F4,grouped_entity,macro_f1,0.33631284916201115,0.5252525252525253
0,PAuth-derived,balanced,UNIFIED-ORAM-PAD,F4,grouped_entity,roc_auc,0.5,0.5252525252525253
0,PAuth-derived,balanced,UNIFIED-ORAM-PAD,F5,random,accuracy,0.4666666666666667,0.5013888888888889
0,PAuth-derived,balanced,UNIFIED-ORAM-PAD,F5,random,macro_f1,0.45090126232334227,0.5013888888888889
0,PAuth-derived,balanced,UNIFIED-ORAM-PAD,F5,random,roc_auc,0.4740492343477418,0.5013888888888889
0,PAuth-derived,natural,MODULAR-ORAM,F0,random,accuracy,0.7041666666666667,0.6958333333333333
0,PAuth-derived,natural,MODULAR-ORAM,F0,random,macro_f1,0.4132029339853301,0.6958333333333333
0,PAuth-derived,natural,MODULAR-ORAM,F0,random,roc_auc,0.5,0.6958333333333333
0,PAuth-derived,natural,MODULAR-ORAM,F1,random,accuracy,0.7041666666666667,0.6958333333333333
0,PAuth-derived,natural,MODULAR-ORAM,F1,random,macro_f1,0.4132029339853301,0.6958333333333333
0,PAuth-derived,natural,MODULAR-ORAM,F1,random,roc_auc,0.5,0.6958333333333333
0,PAuth-derived,natural,MODULAR-ORAM,F2,random,accuracy,0.7041666666666667,0.6958333333333333
0,PAuth-derived,natural,MODULAR-ORAM,F2,random,macro_f1,0.4132029339853301,0.6958333333333333
0,PAuth-derived,natural,MODULAR-ORAM,F2,random,roc_auc,0.5,0.6958333333333333
0,PAuth-derived,natural,MODULAR-ORAM,F3,random,accuracy,0.7041666666666667,0.6958333333333333
0,PAuth-derived,natural,MODULAR-ORAM,F3,random,macro_f1,0.4132029339853301,0.6958333333333333
0,PAuth-derived,natural,MODULAR-ORAM,F3,random,roc_auc,0.5,0.6958333333333333
0,PAuth-derived,natural,MODULAR-ORAM,F4,random,accuracy,0.7041666666666667,0.6958333333333333
0,PAuth-derived,natural,MODULAR-ORAM,F4,random,macro_f1,0.4132029339853301,0.6958333333333333
0,PAuth-derived,natural,MODULAR-ORAM,F4,random,roc_auc,0.5,0.6958333333333333
0,PAuth-derived,natural,MODULAR-ORAM,F5,random,accuracy,0.7,0.6888888888888889
0,PAuth-derived,natural,MODULAR-ORAM,F5,random,macro_f1,0.4411785842615882,0.6888888888888889
0,PAuth-derived,natural,MODULAR-ORAM,F5,random,roc_auc,0.5249974534914946,0.6888888888888889
0,PAuth-derived,natural,CANONICAL-MODULAR,F0,random,accuracy,0.7041666666666667,0.6958333333333333
0,PAuth-derived,natural,CANONICAL-MODULAR,F0,random,macro_f1,0.4132029339853301,0.6958333333333333
0,PAuth-derived,natural,CANONICAL-MODULAR,F0,random,roc_auc,0.5,0.6958333333333333
0,PAuth-derived,natural,CANONICAL-MODULAR,F1,random,accuracy,0.7041666666666667,0.6958333333333333
0,PAuth-derived,natural,CANONICAL-MODULAR,F1,random,macro_f1,0.4132029339853301,0.6958333333333333
0,PAuth-derived,natural,CANONICAL-MODULAR,F1,random,roc_auc,0.5,0.6958333333333333
0,PAuth-derived,natural,CANONICAL-MODULAR,F2,random,accuracy,0.7041666666666667,0.6958333333333333
0,PAuth-derived,natural,CANONICAL-MODULAR,F2,random,macro_f1,0.4132029339853301,0.6958333333333333
0,PAuth-derived,natural,CANONICAL-MODULAR,F2,random,roc_auc,0.5,0.6958333333333333
0,PAuth-derived,natural,CANONICAL-MODULAR,F3,random,accuracy,0.7041666666666667,0.6958333333333333
0,PAuth-derived,natural,CANONICAL-MODULAR,F3,random,macro_f1,0.4132029339853301,0.6958333333333333
0,PAuth-derived,natural,CANONICAL-MODULAR,F3,random,roc_auc,0.5,0.6958333333333333
0,PAuth-derived,natural,CANONICAL-MODULAR,F4,random,accuracy,0.7041666666666667,0.6958333333333333
0,PAuth-derived,natural,CANONICAL-MODULAR,F4,random,macro_f1,0.4132029339853301,0.6958333333333333
0,PAuth-derived,natural,CANONICAL-MODULAR,F4,random,roc_auc,0.5,0.6958333333333333
0,PAuth-derived,natural,CANONICAL-MODULAR,F5,random,accuracy,0.7,0.6888888888888889
0,PAuth-derived,natural,CANONICAL-MODULAR,F5,random,macro_f1,0.4411785842615882,0.6888888888888889
0,PAuth-derived,natural,CANONICAL-MODULAR,F5,random,roc_auc,0.5249974534914946,0.6888888888888889
0,PAuth-derived,natural,UNIFIED-ORAM,F0,random,accuracy,0.7041666666666667,0.6958333333333333
0,PAuth-derived,natural,UNIFIED-ORAM,F0,random,macro_f1,0.4132029339853301,0.6958333333333333
0,PAuth-derived,natural,UNIFIED-ORAM,F0,random,roc_auc,0.5,0.6958333333333333
0,PAuth-derived,natural,UNIFIED-ORAM,F1,random,accuracy,0.7041666666666667,0.6958333333333333
0,PAuth-derived,natural,UNIFIED-ORAM,F1,random,macro_f1,0.4132029339853301,0.6958333333333333
0,PAuth-derived,natural,UNIFIED-ORAM,F1,random,roc_auc,0.5,0.6958333333333333
0,PAuth-derived,natural,UNIFIED-ORAM,F2,random,accuracy,0.7041666666666667,0.6958333333333333
0,PAuth-derived,natural,UNIFIED-ORAM,F2,random,macro_f1,0.4132029339853301,0.6958333333333333
0,PAuth-derived,natural,UNIFIED-ORAM,F2,random,roc_auc,0.5,0.6958333333333333
0,PAuth-derived,natural,UNIFIED-ORAM,F3,random,accuracy,0.7041666666666667,0.6958333333333333
0,PAuth-derived,natural,UNIFIED-ORAM,F3,random,macro_f1,0.4132029339853301,0.6958333333333333
0,PAuth-derived,natural,UNIFIED-ORAM,F3,random,roc_auc,0.5,0.6958333333333333
0,PAuth-derived,natural,UNIFIED-ORAM,F4,random,accuracy,0.7041666666666667,0.6958333333333333
0,PAuth-derived,natural,UNIFIED-ORAM,F4,random,macro_f1,0.4132029339853301,0.6958333333333333
0,PAuth-derived,natural,UNIFIED-ORAM,F4,random,roc_auc,0.5,0.6958333333333333
0,PAuth-derived,natural,UNIFIED-ORAM,F5,random,accuracy,0.7,0.6888888888888889
0,PAuth-derived,natural,UNIFIED-ORAM,F5,random,macro_f1,0.4411785842615882,0.6888888888888889
0,PAuth-derived,natural,UNIFIED-ORAM,F5,random,roc_auc,0.5249974534914946,0.6888888888888889
0,PAuth-derived,natural,UNIFIED-ORAM-PAD,F0,random,accuracy,0.7041666666666667,0.6958333333333333
0,PAuth-derived,natural,UNIFIED-ORAM-PAD,F0,random,macro_f1,0.4132029339853301,0.6958333333333333
0,PAuth-derived,natural,UNIFIED-ORAM-PAD,F0,random,roc_auc,0.5,0.6958333333333333
0,PAuth-derived,natural,UNIFIED-ORAM-PAD,F1,random,accuracy,0.7041666666666667,0.6958333333333333
0,PAuth-derived,natural,UNIFIED-ORAM-PAD,F1,random,macro_f1,0.4132029339853301,0.6958333333333333
0,PAuth-derived,natural,UNIFIED-ORAM-PAD,F1,random,roc_auc,0.5,0.6958333333333333
0,PAuth-derived,natural,UNIFIED-ORAM-PAD,F2,random,accuracy,0.7041666666666667,0.6958333333333333
0,PAuth-derived,natural,UNIFIED-ORAM-PAD,F2,random,macro_f1,0.4132029339853301,0.6958333333333333
0,PAuth-derived,natural,UNIFIED-ORAM-PAD,F2,random,roc_auc,0.5,0.6958333333333333
0,PAuth-derived,natural,UNIFIED-ORAM-PAD,F3,random,accuracy,0.7041666666666667,0.6958333333333333
0,PAuth-derived,natural,UNIFIED-ORAM-PAD,F3,random,macro_f1,0.4132029339853301,0.6958333333333333
0,PAuth-derived,natural,UNIFIED-ORAM-PAD,F3,random,roc_auc,0.5,0.6958333333333333
0,PAuth-derived,natural,UNIFIED-ORAM-PAD,F4,random,accuracy,0.7041666666666667,0.6958333333333333
0,PAuth-derived,natural,UNIFIED-ORAM-PAD,F4,random,macro_f1,0.4132029339853301,0.6958333333333333
0,PAuth-derived,natural,UNIFIED-ORAM-PAD,F4,random,roc_auc,0.5,0.6958333333333333
0,PAuth-derived,natural,UNIFIED-ORAM-PAD,F5,random,accuracy,0.7,0.6888888888888889
0,PAuth-derived,natural,UNIFIED-ORAM-PAD,F5,random,macro_f1,0.4411785842615882,0.6888888888888889
0,PAuth-derived,natural,UNIFIED-ORAM-PAD,F5,random,roc_auc,0.5249974534914946,0.6888888888888889
1,GAAP-derived,balanced,MODULAR-ORAM,F0,random,accuracy,0.4652777777777778,0.49027777777777776
1,GAAP-derived,balanced,MODULAR-ORAM,F0,random,macro_f1,0.3175355450236967,0.49027777777777776
1,GAAP-derived,balanced,MODULAR-ORAM,F0,random,roc_auc,0.5,0.49027777777777776
1,GAAP-derived,balanced,MODULAR-ORAM,F1,random,accuracy,1.0,0.49027777777777776
1,GAAP-derived,balanced,MODULAR-ORAM,F1,random,macro_f1,1.0,0.49027777777777776
1,GAAP-derived,balanced,MODULAR-ORAM,F1,random,roc_auc,1.0,0.49027777777777776
1,GAAP-derived,balanced,MODULAR-ORAM,F2,random,accuracy,1.0,0.49027777777777776
1,GAAP-derived,balanced,MODULAR-ORAM,F2,random,macro_f1,1.0,0.49027777777777776
1,GAAP-derived,balanced,MODULAR-ORAM,F2,random,roc_auc,1.0,0.49027777777777776
1,GAAP-derived,balanced,MODULAR-ORAM,F3,random,accuracy,1.0,0.49027777777777776
1,GAAP-derived,balanced,MODULAR-ORAM,F3,random,macro_f1,1.0,0.49027777777777776
1,GAAP-derived,balanced,MODULAR-ORAM,F3,random,roc_auc,1.0,0.49027777777777776
1,GAAP-derived,balanced,MODULAR-ORAM,F4,random,accuracy,1.0,0.49027777777777776
1,GAAP-derived,balanced,MODULAR-ORAM,F4,random,macro_f1,1.0,0.49027777777777776
1,GAAP-derived,balanced,MODULAR-ORAM,F4,random,roc_auc,1.0,0.49027777777777776
1,GAAP-derived,balanced,MODULAR-ORAM,F4,grouped_entity,accuracy,1.0,0.5237315875613748
1,GAAP-derived,balanced,MODULAR-ORAM,F4,grouped_entity,macro_f1,1.0,0.5237315875613748
1,GAAP-derived,balanced,MODULAR-ORAM,F4,grouped_entity,roc_auc,1.0,0.5237315875613748
1,GAAP-derived,balanced,MODULAR-ORAM,F5,random,accuracy,1.0,0.5
1,GAAP-derived,balanced,MODULAR-ORAM,F5,random,macro_f1,1.0,0.5
1,GAAP-derived,balanced,MODULAR-ORAM,F5,random,roc_auc,1.0,0.5
1,GAAP-derived,balanced,CANONICAL-MODULAR,F0,random,accuracy,0.4652777777777778,0.49027777777777776
1,GAAP-derived,balanced,CANONICAL-MODULAR,F0,random,macro_f1,0.3175355450236967,0.49027777777777776
1,GAAP-derived,balanced,CANONICAL-MODULAR,F0,random,roc_auc,0.5,0.49027777777777776
1,GAAP-derived,balanced,CANONICAL-MODULAR,F1,random,accuracy,0.4652777777777778,0.49027777777777776
1,GAAP-derived,balanced,CANONICAL-MODULAR,F1,random,macro_f1,0.3175355450236967,0.49027777777777776
1,GAAP-derived,balanced,CANONICAL-MODULAR,F1,random,roc_auc,0.5,0.49027777777777776
1,GAAP-derived,balanced,CANONICAL-MODULAR,F2,random,accuracy,0.4652777777777778,0.49027777777777776
1,GAAP-derived,balanced,CANONICAL-MODULAR,F2,random,macro_f1,0.3175355450236967,0.49027777777777776
1,GAAP-derived,balanced,CANONICAL-MODULAR,F2,random,roc_auc,0.5,0.49027777777777776
1,GAAP-derived,balanced,CANONICAL-MODULAR,F3,random,accuracy,0.4652777777777778,0.49027777777777776
1,GAAP-derived,balanced,CANONICAL-MODULAR,F3,random,macro_f1,0.3175355450236967,0.49027777777777776
1,GAAP-derived,balanced,CANONICAL-MODULAR,F3,random,roc_auc,0.5,0.49027777777777776
1,GAAP-derived,balanced,CANONICAL-MODULAR,F4,random,accuracy,0.4652777777777778,0.49027777777777776
1,GAAP-derived,balanced,CANONICAL-MODULAR,F4,random,macro_f1,0.3175355450236967,0.49027777777777776
1,GAAP-derived,balanced,CANONICAL-MODULAR,F4,random,roc_auc,0.5,0.49027777777777776
1,GAAP-derived,balanced,CANONICAL-MODULAR,F4,grouped_entity,accuracy,0.5122749590834698,0.5237315875613748
1,GAAP-derived,balanced,CANONICAL-MODULAR,F4,grouped_entity,macro_f1,0.33874458874458874,0.5237315875613748
1,GAAP-derived,balanced,CANONICAL-MODULAR,F4,grouped_entity,roc_auc,0.5,0.5237315875613748
1,GAAP-derived,balanced,CANONICAL-MODULAR,F5,random,accuracy,0.4791666666666667,0.475
1,GAAP-derived,balanced,CANONICAL-MODULAR,F5,random,macro_f1,0.4779330014018466,0.475
1,GAAP-derived,balanced,CANONICAL-MODULAR,F5,random,roc_auc,0.4657763132389998,0.475
1,GAAP-derived,balanced,UNIFIED-ORAM,F0,random,accuracy,0.4652777777777778,0.49027777777777776
1,GAAP-derived,balanced,UNIFIED-ORAM,F0,random,macro_f1,0.3175355450236967,0.49027777777777776
1,GAAP-derived,balanced,UNIFIED-ORAM,F0,random,roc_auc,0.5,0.49027777777777776
1,GAAP-derived,balanced,UNIFIED-ORAM,F1,random,accuracy,0.4652777777777778,0.49027777777777776
1,GAAP-derived,balanced,UNIFIED-ORAM,F1,random,macro_f1,0.3175355450236967,0.49027777777777776
1,GAAP-derived,balanced,UNIFIED-ORAM,F1,random,roc_auc,0.5,0.49027777777777776
1,GAAP-derived,balanced,UNIFIED-ORAM,F2,random,accuracy,0.4652777777777778,0.49027777777777776
1,GAAP-derived,balanced,UNIFIED-ORAM,F2,random,macro_f1,0.3175355450236967,0.49027777777777776
1,GAAP-derived,balanced,UNIFIED-ORAM,F2,random,roc_auc,0.5,0.49027777777777776
1,GAAP-derived,balanced,UNIFIED-ORAM,F3,random,accuracy,0.4652777777777778,0.49027777777777776
1,GAAP-derived,balanced,UNIFIED-ORAM,F3,random,macro_f1,0.3175355450236967,0.49027777777777776
1,GAAP-derived,balanced,UNIFIED-ORAM,F3,random,roc_auc,0.5,0.49027777777777776
1,GAAP-derived,balanced,UNIFIED-ORAM,F4,random,accuracy,0.4652777777777778,0.49027777777777776
1,GAAP-derived,balanced,UNIFIED-ORAM,F4,random,macro_f1,0.3175355450236967,0.49027777777777776
1,GAAP-derived,balanced,UNIFIED-ORAM,F4,random,roc_auc,0.5,0.49027777777777776
1,GAAP-derived,balanced,UNIFIED-ORAM,F4,grouped_entity,accuracy,0.5122749590834698,0.5237315875613748
1,GAAP-derived,balanced,UNIFIED-ORAM,F4,grouped_entity,macro_f1,0.33874458874458874,0.5237315875613748
1,GAAP-derived,balanced,UNIFIED-ORAM,F4,grouped_entity,roc_auc,0.5,0.5237315875613748
1,GAAP-derived,balanced,UNIFIED-ORAM,F5,random,accuracy,0.49027777777777776,0.5083333333333333
1,GAAP-derived,balanced,UNIFIED-ORAM,F5,random,macro_f1,0.4728263363385531,0.5083333333333333
1,GAAP-derived,balanced,UNIFIED-ORAM,F5,random,roc_auc,0.5115061058344641,0.5083333333333333
1,GAAP-derived,balanced,UNIFIED-ORAM-PAD,F0,random,accuracy,0.4652777777777778,0.49027777777777776
1,GAAP-derived,balanced,UNIFIED-ORAM-PAD,F0,random,macro_f1,0.3175355450236967,0.49027777777777776
1,GAAP-derived,balanced,UNIFIED-ORAM-PAD,F0,random,roc_auc,0.5,0.49027777777777776
1,GAAP-derived,balanced,UNIFIED-ORAM-PAD,F1,random,accuracy,0.4652777777777778,0.49027777777777776
1,GAAP-derived,balanced,UNIFIED-ORAM-PAD,F1,random,macro_f1,0.3175355450236967,0.49027777777777776
1,GAAP-derived,balanced,UNIFIED-ORAM-PAD,F1,random,roc_auc,0.5,0.49027777777777776
1,GAAP-derived,balanced,UNIFIED-ORAM-PAD,F2,random,accuracy,0.4652777777777778,0.49027777777777776
1,GAAP-derived,balanced,UNIFIED-ORAM-PAD,F2,random,macro_f1,0.3175355450236967,0.49027777777777776
1,GAAP-derived,balanced,UNIFIED-ORAM-PAD,F2,random,roc_auc,0.5,0.49027777777777776
1,GAAP-derived,balanced,UNIFIED-ORAM-PAD,F3,random,accuracy,0.4652777777777778,0.49027777777777776
1,GAAP-derived,balanced,UNIFIED-ORAM-PAD,F3,random,macro_f1,0.3175355450236967,0.49027777777777776
1,GAAP-derived,balanced,UNIFIED-ORAM-PAD,F3,random,roc_auc,0.5,0.49027777777777776
1,GAAP-derived,balanced,UNIFIED-ORAM-PAD,F4,random,accuracy,0.4652777777777778,0.49027777777777776
1,GAAP-derived,balanced,UNIFIED-ORAM-PAD,F4,random,macro_f1,0.3175355450236967,0.49027777777777776
1,GAAP-derived,balanced,UNIFIED-ORAM-PAD,F4,random,roc_auc,0.5,0.49027777777777776
1,GAAP-derived,balanced,UNIFIED-ORAM-PAD,F4,grouped_entity,accuracy,0.5122749590834698,0.5237315875613748
1,GAAP-derived,balanced,UNIFIED-ORAM-PAD,F4,grouped_entity,macro_f1,0.33874458874458874,0.5237315875613748
1,GAAP-derived,balanced,UNIFIED-ORAM-PAD,F4,grouped_entity,roc_auc,0.5,0.5237315875613748
1,GAAP-derived,balanced,UNIFIED-ORAM-PAD,F5,random,accuracy,0.49444444444444446,0.49444444444444446
1,GAAP-derived,balanced,UNIFIED-ORAM-PAD,F5,random,macro_f1,0.48962025316455693,0.49444444444444446
1,GAAP-derived,balanced,UNIFIED-ORAM-PAD,F5,random,roc_auc,0.48839309943787557,0.49444444444444446
1,GAAP-derived,natural,MODULAR-ORAM,F0,random,accuracy,0.6861111111111111,0.7152777777777778
1,GAAP-derived,natural,MODULAR-ORAM,F0,random,macro_f1,0.40691927512355847,0.7152777777777778
1,GAAP-derived,natural,MODULAR-ORAM,F0,random,roc_auc,0.5,0.7152777777777778
1,GAAP-derived,natural,MODULAR-ORAM,F1,random,accuracy,1.0,0.7152777777777778
1,GAAP-derived,natural,MODULAR-ORAM,F1,random,macro_f1,1.0,0.7152777777777778
1,GAAP-derived,natural,MODULAR-ORAM,F1,random,roc_auc,1.0,0.7152777777777778
1,GAAP-derived,natural,MODULAR-ORAM,F2,random,accuracy,1.0,0.7152777777777778
1,GAAP-derived,natural,MODULAR-ORAM,F2,random,macro_f1,1.0,0.7152777777777778
1,GAAP-derived,natural,MODULAR-ORAM,F2,random,roc_auc,1.0,0.7152777777777778
1,GAAP-derived,natural,MODULAR-ORAM,F3,random,accuracy,1.0,0.7152777777777778
1,GAAP-derived,natural,MODULAR-ORAM,F3,random,macro_f1,1.0,0.7152777777777778
1,GAAP-derived,natural,MODULAR-ORAM,F3,random,roc_auc,1.0,0.7152777777777778
1,GAAP-derived,natural,MODULAR-ORAM,F4,random,accuracy,1.0,0.7152777777777778
1,GAAP-derived,natural,MODULAR-ORAM,F4,random,macro_f1,1.0,0.7152777777777778
1,GAAP-derived,natural,MODULAR-ORAM,F4,random,roc_auc,1.0,0.7152777777777778
1,GAAP-derived,natural,MODULAR-ORAM,F5,random,accuracy,1.0,0.6930555555555555
1,GAAP-derived,natural,MODULAR-ORAM,F5,random,macro_f1,1.0,0.6930555555555555
1,GAAP-derived,natural,MODULAR-ORAM,F5,random,roc_auc,1.0,0.6930555555555555
1,GAAP-derived,natural,CANONICAL-MODULAR,F0,random,accuracy,0.6861111111111111,0.7152777777777778
1,GAAP-derived,natural,CANONICAL-MODULAR,F0,random,macro_f1,0.40691927512355847,0.7152777777777778
1,GAAP-derived,natural,CANONICAL-MODULAR,F0,random,roc_auc,0.5,0.7152777777777778
1,GAAP-derived,natural,CANONICAL-MODULAR,F1,random,accuracy,0.6861111111111111,0.7152777777777778
1,GAAP-derived,natural,CANONICAL-MODULAR,F1,random,macro_f1,0.40691927512355847,0.7152777777777778
1,GAAP-derived,natural,CANONICAL-MODULAR,F1,random,roc_auc,0.5,0.7152777777777778
1,GAAP-derived,natural,CANONICAL-MODULAR,F2,random,accuracy,0.6861111111111111,0.7152777777777778
1,GAAP-derived,natural,CANONICAL-MODULAR,F2,random,macro_f1,0.40691927512355847,0.7152777777777778
1,GAAP-derived,natural,CANONICAL-MODULAR,F2,random,roc_auc,0.5,0.7152777777777778
1,GAAP-derived,natural,CANONICAL-MODULAR,F3,random,accuracy,0.6861111111111111,0.7152777777777778
1,GAAP-derived,natural,CANONICAL-MODULAR,F3,random,macro_f1,0.40691927512355847,0.7152777777777778
1,GAAP-derived,natural,CANONICAL-MODULAR,F3,random,roc_auc,0.5,0.7152777777777778
1,GAAP-derived,natural,CANONICAL-MODULAR,F4,random,accuracy,0.6861111111111111,0.7152777777777778
1,GAAP-derived,natural,CANONICAL-MODULAR,F4,random,macro_f1,0.40691927512355847,0.7152777777777778
1,GAAP-derived,natural,CANONICAL-MODULAR,F4,random,roc_auc,0.5,0.7152777777777778
1,GAAP-derived,natural,CANONICAL-MODULAR,F5,random,accuracy,0.6722222222222223,0.7027777777777777
1,GAAP-derived,natural,CANONICAL-MODULAR,F5,random,macro_f1,0.41389919838849876,0.7027777777777777
1,GAAP-derived,natural,CANONICAL-MODULAR,F5,random,roc_auc,0.46964458457239083,0.7027777777777777
1,GAAP-derived,natural,UNIFIED-ORAM,F0,random,accuracy,0.6861111111111111,0.7152777777777778
1,GAAP-derived,natural,UNIFIED-ORAM,F0,random,macro_f1,0.40691927512355847,0.7152777777777778
1,GAAP-derived,natural,UNIFIED-ORAM,F0,random,roc_auc,0.5,0.7152777777777778
1,GAAP-derived,natural,UNIFIED-ORAM,F1,random,accuracy,0.6861111111111111,0.7152777777777778
1,GAAP-derived,natural,UNIFIED-ORAM,F1,random,macro_f1,0.40691927512355847,0.7152777777777778
1,GAAP-derived,natural,UNIFIED-ORAM,F1,random,roc_auc,0.5,0.7152777777777778
1,GAAP-derived,natural,UNIFIED-ORAM,F2,random,accuracy,0.6861111111111111,0.7152777777777778
1,GAAP-derived,natural,UNIFIED-ORAM,F2,random,macro_f1,0.40691927512355847,0.7152777777777778
1,GAAP-derived,natural,UNIFIED-ORAM,F2,random,roc_auc,0.5,0.7152777777777778
1,GAAP-derived,natural,UNIFIED-ORAM,F3,random,accuracy,0.6861111111111111,0.7152777777777778
1,GAAP-derived,natural,UNIFIED-ORAM,F3,random,macro_f1,0.40691927512355847,0.7152777777777778
1,GAAP-derived,natural,UNIFIED-ORAM,F3,random,roc_auc,0.5,0.7152777777777778
1,GAAP-derived,natural,UNIFIED-ORAM,F4,random,accuracy,0.6861111111111111,0.7152777777777778
1,GAAP-derived,natural,UNIFIED-ORAM,F4,random,macro_f1,0.40691927512355847,0.7152777777777778
1,GAAP-derived,natural,UNIFIED-ORAM,F4,random,roc_auc,0.5,0.7152777777777778
1,GAAP-derived,natural,UNIFIED-ORAM,F5,random,accuracy,0.6861111111111111,0.7138888888888889
1,GAAP-derived,natural,UNIFIED-ORAM,F5,random,macro_f1,0.40691927512355847,0.7138888888888889
1,GAAP-derived,natural,UNIFIED-ORAM,F5,random,roc_auc,0.47999892515495685,0.7138888888888889
1,GAAP-derived,natural,UNIFIED-ORAM-PAD,F0,random,accuracy,0.6861111111111111,0.7152777777777778
1,GAAP-derived,natural,UNIFIED-ORAM-PAD,F0,random,macro_f1,0.40691927512355847,0.7152777777777778
1,GAAP-derived,natural,UNIFIED-ORAM-PAD,F0,random,roc_auc,0.5,0.7152777777777778
1,GAAP-derived,natural,UNIFIED-ORAM-PAD,F1,random,accuracy,0.6861111111111111,0.7152777777777778
1,GAAP-derived,natural,UNIFIED-ORAM-PAD,F1,random,macro_f1,0.40691927512355847,0.7152777777777778
1,GAAP-derived,natural,UNIFIED-ORAM-PAD,F1,random,roc_auc,0.5,0.7152777777777778
1,GAAP-derived,natural,UNIFIED-ORAM-PAD,F2,random,accuracy,0.6861111111111111,0.7152777777777778
1,GAAP-derived,natural,UNIFIED-ORAM-PAD,F2,random,macro_f1,0.40691927512355847,0.7152777777777778
1,GAAP-derived,natural,UNIFIED-ORAM-PAD,F2,random,roc_auc,0.5,0.7152777777777778
1,GAAP-derived,natural,UNIFIED-ORAM-PAD,F3,random,accuracy,0.6861111111111111,0.7152777777777778
1,GAAP-derived,natural,UNIFIED-ORAM-PAD,F3,random,macro_f1,0.40691927512355847,0.7152777777777778
1,GAAP-derived,natural,UNIFIED-ORAM-PAD,F3,random,roc_auc,0.5,0.7152777777777778
1,GAAP-derived,natural,UNIFIED-ORAM-PAD,F4,random,accuracy,0.6861111111111111,0.7152777777777778
1,GAAP-derived,natural,UNIFIED-ORAM-PAD,F4,random,macro_f1,0.40691927512355847,0.7152777777777778
1,GAAP-derived,natural,UNIFIED-ORAM-PAD,F4,random,roc_auc,0.5,0.7152777777777778
1,GAAP-derived,natural,UNIFIED-ORAM-PAD,F5,random,accuracy,0.6861111111111111,0.7125
1,GAAP-derived,natural,UNIFIED-ORAM-PAD,F5,random,macro_f1,0.40691927512355847,0.7125
1,GAAP-derived,natural,UNIFIED-ORAM-PAD,F5,random,roc_auc,0.5031304861882412,0.7125
1,PAuth-derived,balanced,MODULAR-ORAM,F0,random,accuracy,0.4652777777777778,0.49027777777777776
1,PAuth-derived,balanced,MODULAR-ORAM,F0,random,macro_f1,0.3175355450236967,0.49027777777777776
1,PAuth-derived,balanced,MODULAR-ORAM,F0,random,roc_auc,0.5,0.49027777777777776
1,PAuth-derived,balanced,MODULAR-ORAM,F1,random,accuracy,0.4652777777777778,0.49027777777777776
1,PAuth-derived,balanced,MODULAR-ORAM,F1,random,macro_f1,0.3175355450236967,0.49027777777777776
1,PAuth-derived,balanced,MODULAR-ORAM,F1,random,roc_auc,0.5,0.49027777777777776
1,PAuth-derived,balanced,MODULAR-ORAM,F2,random,accuracy,0.4652777777777778,0.49027777777777776
1,PAuth-derived,balanced,MODULAR-ORAM,F2,random,macro_f1,0.3175355450236967,0.49027777777777776
1,PAuth-derived,balanced,MODULAR-ORAM,F2,random,roc_auc,0.5,0.49027777777777776
1,PAuth-derived,balanced,MODULAR-ORAM,F3,random,accuracy,0.4652777777777778,0.49027777777777776
1,PAuth-derived,balanced,MODULAR-ORAM,F3,random,macro_f1,0.3175355450236967,0.49027777777777776
1,PAuth-derived,balanced,MODULAR-ORAM,F3,random,roc_auc,0.5,0.49027777777777776
1,PAuth-derived,balanced,MODULAR-ORAM,F4,random,accuracy,0.4652777777777778,0.49027777777777776
1,PAuth-derived,balanced,MODULAR-ORAM,F4,random,macro_f1,0.3175355450236967,0.49027777777777776
1,PAuth-derived,balanced,MODULAR-ORAM,F4,random,roc_auc,0.5,0.49027777777777776
1,PAuth-derived,balanced,MODULAR-ORAM,F4,grouped_entity,accuracy,0.5122749590834698,0.5237315875613748
1,PAuth-derived,balanced,MODULAR-ORAM,F4,grouped_entity,macro_f1,0.33874458874458874,0.5237315875613748
1,PAuth-derived,balanced,MODULAR-ORAM,F4,grouped_entity,roc_auc,0.5,0.5237315875613748
1,PAuth-derived,balanced,MODULAR-ORAM,F5,random,accuracy,0.49583333333333335,0.4652777777777778
1,PAuth-derived,balanced,MODULAR-ORAM,F5,random,macro_f1,0.4831013130128493,0.4652777777777778
1,PAuth-derived,balanced,MODULAR-ORAM,F5,random,roc_auc,0.5129676293855399,0.4652777777777778
1,PAuth-derived,balanced,CANONICAL-MODULAR,F0,random,accuracy,0.4652777777777778,0.49027777777777776
1,PAuth-derived,balanced,CANONICAL-MODULAR,F0,random,macro_f1,0.3175355450236967,0.49027777777777776
1,PAuth-derived,balanced,CANONICAL-MODULAR,F0,random,roc_auc,0.5,0.49027777777777776
1,PAuth-derived,balanced,CANONICAL-MODULAR,F1,random,accuracy,0.4652777777777778,0.49027777777777776
1,PAuth-derived,balanced,CANONICAL-MODULAR,F1,random,macro_f1,0.3175355450236967,0.49027777777777776
1,PAuth-derived,balanced,CANONICAL-MODULAR,F1,random,roc_auc,0.5,0.49027777777777776
1,PAuth-derived,balanced,CANONICAL-MODULAR,F2,random,accuracy,0.4652777777777778,0.49027777777777776
1,PAuth-derived,balanced,CANONICAL-MODULAR,F2,random,macro_f1,0.3175355450236967,0.49027777777777776
1,PAuth-derived,balanced,CANONICAL-MODULAR,F2,random,roc_auc,0.5,0.49027777777777776
1,PAuth-derived,balanced,CANONICAL-MODULAR,F3,random,accuracy,0.4652777777777778,0.49027777777777776
1,PAuth-derived,balanced,CANONICAL-MODULAR,F3,random,macro_f1,0.3175355450236967,0.49027777777777776
1,PAuth-derived,balanced,CANONICAL-MODULAR,F3,random,roc_auc,0.5,0.49027777777777776
1,PAuth-derived,balanced,CANONICAL-MODULAR,F4,random,accuracy,0.4652777777777778,0.49027777777777776
1,PAuth-derived,balanced,CANONICAL-MODULAR,F4,random,macro_f1,0.3175355450236967,0.49027777777777776
1,PAuth-derived,balanced,CANONICAL-MODULAR,F4,random,roc_auc,0.5,0.49027777777777776
1,PAuth-derived,balanced,CANONICAL-MODULAR,F4,grouped_entity,accuracy,0.5122749590834698,0.5237315875613748
1,PAuth-derived,balanced,CANONICAL-MODULAR,F4,grouped_entity,macro_f1,0.33874458874458874,0.5237315875613748
1,PAuth-derived,balanced,CANONICAL-MODULAR,F4,grouped_entity,roc_auc,0.5,0.5237315875613748
1,PAuth-derived,balanced,CANONICAL-MODULAR,F5,random,accuracy,0.49583333333333335,0.4652777777777778
1,PAuth-derived,balanced,CANONICAL-MODULAR,F5,random,macro_f1,0.4831013130128493,0.4652777777777778
1,PAuth-derived,balanced,CANONICAL-MODULAR,F5,random,roc_auc,0.5129676293855399,0.4652777777777778
1,PAuth-derived,balanced,UNIFIED-ORAM,F0,random,accuracy,0.4652777777777778,0.49027777777777776
1,PAuth-derived,balanced,UNIFIED-ORAM,F0,random,macro_f1,0.3175355450236967,0.49027777777777776
1,PAuth-derived,balanced,UNIFIED-ORAM,F0,random,roc_auc,0.5,0.49027777777777776
1,PAuth-derived,balanced,UNIFIED-ORAM,F1,random,accuracy,0.4652777777777778,0.49027777777777776
1,PAuth-derived,balanced,UNIFIED-ORAM,F1,random,macro_f1,0.3175355450236967,0.49027777777777776
1,PAuth-derived,balanced,UNIFIED-ORAM,F1,random,roc_auc,0.5,0.49027777777777776
1,PAuth-derived,balanced,UNIFIED-ORAM,F2,random,accuracy,0.4652777777777778,0.49027777777777776
1,PAuth-derived,balanced,UNIFIED-ORAM,F2,random,macro_f1,0.3175355450236967,0.49027777777777776
1,PAuth-derived,balanced,UNIFIED-ORAM,F2,random,roc_auc,0.5,0.49027777777777776
1,PAuth-derived,balanced,UNIFIED-ORAM,F3,random,accuracy,0.4652777777777778,0.49027777777777776
1,PAuth-derived,balanced,UNIFIED-ORAM,F3,random,macro_f1,0.3175355450236967,0.49027777777777776
1,PAuth-derived,balanced,UNIFIED-ORAM,F3,random,roc_auc,0.5,0.49027777777777776
1,PAuth-derived,balanced,UNIFIED-ORAM,F4,random,accuracy,0.4652777777777778,0.49027777777777776
1,PAuth-derived,balanced,UNIFIED-ORAM,F4,random,macro_f1,0.3175355450236967,0.49027777777777776
1,PAuth-derived,balanced,UNIFIED-ORAM,F4,random,roc_auc,0.5,0.49027777777777776
1,PAuth-derived,balanced,UNIFIED-ORAM,F4,grouped_entity,accuracy,0.5122749590834698,0.5237315875613748
1,PAuth-derived,balanced,UNIFIED-ORAM,F4,grouped_entity,macro_f1,0.33874458874458874,0.5237315875613748
1,PAuth-derived,balanced,UNIFIED-ORAM,F4,grouped_entity,roc_auc,0.5,0.5237315875613748
1,PAuth-derived,balanced,UNIFIED-ORAM,F5,random,accuracy,0.49583333333333335,0.4652777777777778
1,PAuth-derived,balanced,UNIFIED-ORAM,F5,random,macro_f1,0.4831013130128493,0.4652777777777778
1,PAuth-derived,balanced,UNIFIED-ORAM,F5,random,roc_auc,0.5129676293855399,0.4652777777777778
1,PAuth-derived,balanced,UNIFIED-ORAM-PAD,F0,random,accuracy,0.4652777777777778,0.49027777777777776
1,PAuth-derived,balanced,UNIFIED-ORAM-PAD,F0,random,macro_f1,0.3175355450236967,0.49027777777777776
1,PAuth-derived,balanced,UNIFIED-ORAM-PAD,F0,random,roc_auc,0.5,0.49027777777777776
1,PAuth-derived,balanced,UNIFIED-ORAM-PAD,F1,random,accuracy,0.4652777777777778,0.49027777777777776
1,PAuth-derived,balanced,UNIFIED-ORAM-PAD,F1,random,macro_f1,0.3175355450236967,0.49027777777777776
1,PAuth-derived,balanced,UNIFIED-ORAM-PAD,F1,random,roc_auc,0.5,0.49027777777777776
1,PAuth-derived,balanced,UNIFIED-ORAM-PAD,F2,random,accuracy,0.4652777777777778,0.49027777777777776
1,PAuth-derived,balanced,UNIFIED-ORAM-PAD,F2,random,macro_f1,0.3175355450236967,0.49027777777777776
1,PAuth-derived,balanced,UNIFIED-ORAM-PAD,F2,random,roc_auc,0.5,0.49027777777777776
1,PAuth-derived,balanced,UNIFIED-ORAM-PAD,F3,random,accuracy,0.4652777777777778,0.49027777777777776
1,PAuth-derived,balanced,UNIFIED-ORAM-PAD,F3,random,macro_f1,0.3175355450236967,0.49027777777777776
1,PAuth-derived,balanced,UNIFIED-ORAM-PAD,F3,random,roc_auc,0.5,0.49027777777777776
1,PAuth-derived,balanced,UNIFIED-ORAM-PAD,F4,random,accuracy,0.4652777777777778,0.49027777777777776
1,PAuth-derived,balanced,UNIFIED-ORAM-PAD,F4,random,macro_f1,0.3175355450236967,0.49027777777777776
1,PAuth-derived,balanced,UNIFIED-ORAM-PAD,F4,random,roc_auc,0.5,0.49027777777777776
1,PAuth-derived,balanced,UNIFIED-ORAM-PAD,F4,grouped_entity,accuracy,0.5122749590834698,0.5237315875613748
1,PAuth-derived,balanced,UNIFIED-ORAM-PAD,F4,grouped_entity,macro_f1,0.33874458874458874,0.5237315875613748
1,PAuth-derived,balanced,UNIFIED-ORAM-PAD,F4,grouped_entity,roc_auc,0.5,0.5237315875613748
1,PAuth-derived,balanced,UNIFIED-ORAM-PAD,F5,random,accuracy,0.49583333333333335,0.4652777777777778
1,PAuth-derived,balanced,UNIFIED-ORAM-PAD,F5,random,macro_f1,0.4831013130128493,0.4652777777777778
1,PAuth-derived,balanced,UNIFIED-ORAM-PAD,F5,random,roc_auc,0.5129676293855399,0.4652777777777778
1,PAuth-derived,natural,MODULAR-ORAM,F0,random,accuracy,0.6861111111111111,0.7152777777777778
1,PAuth-derived,natural,MODULAR-ORAM,F0,random,macro_f1,0.40691927512355847,0.7152777777777778
1,PAuth-derived,natural,MODULAR-ORAM,F0,random,roc_auc,0.5,0.7152777777777778
1,PAuth-derived,natural,MODULAR-ORAM,F1,random,accuracy,0.6861111111111111,0.7152777777777778
1,PAuth-derived,natural,MODULAR-ORAM,F1,random,macro_f1,0.40691927512355847,0.7152777777777778
1,PAuth-derived,natural,MODULAR-ORAM,F1,random,roc_auc,0.5,0.7152777777777778
1,PAuth-derived,natural,MODULAR-ORAM,F2,random,accuracy,0.6861111111111111,0.7152777777777778
1,PAuth-derived,natural,MODULAR-ORAM,F2,random,macro_f1,0.40691927512355847,0.7152777777777778
1,PAuth-derived,natural,MODULAR-ORAM,F2,random,roc_auc,0.5,0.7152777777777778
1,PAuth-derived,natural,MODULAR-ORAM,F3,random,accuracy,0.6861111111111111,0.7152777777777778
1,PAuth-derived,natural,MODULAR-ORAM,F3,random,macro_f1,0.40691927512355847,0.7152777777777778
1,PAuth-derived,natural,MODULAR-ORAM,F3,random,roc_auc,0.5,0.7152777777777778
1,PAuth-derived,natural,MODULAR-ORAM,F4,random,accuracy,0.6861111111111111,0.7152777777777778
1,PAuth-derived,natural,MODULAR-ORAM,F4,random,macro_f1,0.40691927512355847,0.7152777777777778
1,PAuth-derived,natural,MODULAR-ORAM,F4,random,roc_auc,0.5,0.7152777777777778
1,PAuth-derived,natural,MODULAR-ORAM,F5,random,accuracy,0.6819444444444445,0.7055555555555556
1,PAuth-derived,natural,MODULAR-ORAM,F5,random,macro_f1,0.4475252899252444,0.7055555555555556
1,PAuth-derived,natural,MODULAR-ORAM,F5,random,roc_auc,0.4910340009315324,0.7055555555555556
1,PAuth-derived,natural,CANONICAL-MODULAR,F0,random,accuracy,0.6861111111111111,0.7152777777777778
1,PAuth-derived,natural,CANONICAL-MODULAR,F0,random,macro_f1,0.40691927512355847,0.7152777777777778
1,PAuth-derived,natural,CANONICAL-MODULAR,F0,random,roc_auc,0.5,0.7152777777777778
1,PAuth-derived,natural,CANONICAL-MODULAR,F1,random,accuracy,0.6861111111111111,0.7152777777777778
1,PAuth-derived,natural,CANONICAL-MODULAR,F1,random,macro_f1,0.40691927512355847,0.7152777777777778
1,PAuth-derived,natural,CANONICAL-MODULAR,F1,random,roc_auc,0.5,0.7152777777777778
1,PAuth-derived,natural,CANONICAL-MODULAR,F2,random,accuracy,0.6861111111111111,0.7152777777777778
1,PAuth-derived,natural,CANONICAL-MODULAR,F2,random,macro_f1,0.40691927512355847,0.7152777777777778
1,PAuth-derived,natural,CANONICAL-MODULAR,F2,random,roc_auc,0.5,0.7152777777777778
1,PAuth-derived,natural,CANONICAL-MODULAR,F3,random,accuracy,0.6861111111111111,0.7152777777777778
1,PAuth-derived,natural,CANONICAL-MODULAR,F3,random,macro_f1,0.40691927512355847,0.7152777777777778
1,PAuth-derived,natural,CANONICAL-MODULAR,F3,random,roc_auc,0.5,0.7152777777777778
1,PAuth-derived,natural,CANONICAL-MODULAR,F4,random,accuracy,0.6861111111111111,0.7152777777777778
1,PAuth-derived,natural,CANONICAL-MODULAR,F4,random,macro_f1,0.40691927512355847,0.7152777777777778
1,PAuth-derived,natural,CANONICAL-MODULAR,F4,random,roc_auc,0.5,0.7152777777777778
1,PAuth-derived,natural,CANONICAL-MODULAR,F5,random,accuracy,0.6819444444444445,0.7055555555555556
1,PAuth-derived,natural,CANONICAL-MODULAR,F5,random,macro_f1,0.4475252899252444,0.7055555555555556
1,PAuth-derived,natural,CANONICAL-MODULAR,F5,random,roc_auc,0.4910340009315324,0.7055555555555556
1,PAuth-derived,natural,UNIFIED-ORAM,F0,random,accuracy,0.6861111111111111,0.7152777777777778
1,PAuth-derived,natural,UNIFIED-ORAM,F0,random,macro_f1,0.40691927512355847,0.7152777777777778
1,PAuth-derived,natural,UNIFIED-ORAM,F0,random,roc_auc,0.5,0.7152777777777778
1,PAuth-derived,natural,UNIFIED-ORAM,F1,random,accuracy,0.6861111111111111,0.7152777777777778
1,PAuth-derived,natural,UNIFIED-ORAM,F1,random,macro_f1,0.40691927512355847,0.7152777777777778
1,PAuth-derived,natural,UNIFIED-ORAM,F1,random,roc_auc,0.5,0.7152777777777778
1,PAuth-derived,natural,UNIFIED-ORAM,F2,random,accuracy,0.6861111111111111,0.7152777777777778
1,PAuth-derived,natural,UNIFIED-ORAM,F2,random,macro_f1,0.40691927512355847,0.7152777777777778
1,PAuth-derived,natural,UNIFIED-ORAM,F2,random,roc_auc,0.5,0.7152777777777778
1,PAuth-derived,natural,UNIFIED-ORAM,F3,random,accuracy,0.6861111111111111,0.7152777777777778
1,PAuth-derived,natural,UNIFIED-ORAM,F3,random,macro_f1,0.40691927512355847,0.7152777777777778
1,PAuth-derived,natural,UNIFIED-ORAM,F3,random,roc_auc,0.5,0.7152777777777778
1,PAuth-derived,natural,UNIFIED-ORAM,F4,random,accuracy,0.6861111111111111,0.7152777777777778
1,PAuth-derived,natural,UNIFIED-ORAM,F4,random,macro_f1,0.40691927512355847,0.7152777777777778
1,PAuth-derived,natural,UNIFIED-ORAM,F4,random,roc_auc,0.5,0.7152777777777778
1,PAuth-derived,natural,UNIFIED-ORAM,F5,random,accuracy,0.6819444444444445,0.7055555555555556
1,PAuth-derived,natural,UNIFIED-ORAM,F5,random,macro_f1,0.4475252899252444,0.7055555555555556
1,PAuth-derived,natural,UNIFIED-ORAM,F5,random,roc_auc,0.4910340009315324,0.7055555555555556
1,PAuth-derived,natural,UNIFIED-ORAM-PAD,F0,random,accuracy,0.6861111111111111,0.7152777777777778
1,PAuth-derived,natural,UNIFIED-ORAM-PAD,F0,random,macro_f1,0.40691927512355847,0.7152777777777778
1,PAuth-derived,natural,UNIFIED-ORAM-PAD,F0,random,roc_auc,0.5,0.7152777777777778
1,PAuth-derived,natural,UNIFIED-ORAM-PAD,F1,random,accuracy,0.6861111111111111,0.7152777777777778
1,PAuth-derived,natural,UNIFIED-ORAM-PAD,F1,random,macro_f1,0.40691927512355847,0.7152777777777778
1,PAuth-derived,natural,UNIFIED-ORAM-PAD,F1,random,roc_auc,0.5,0.7152777777777778
1,PAuth-derived,natural,UNIFIED-ORAM-PAD,F2,random,accuracy,0.6861111111111111,0.7152777777777778
1,PAuth-derived,natural,UNIFIED-ORAM-PAD,F2,random,macro_f1,0.40691927512355847,0.7152777777777778
1,PAuth-derived,natural,UNIFIED-ORAM-PAD,F2,random,roc_auc,0.5,0.7152777777777778
1,PAuth-derived,natural,UNIFIED-ORAM-PAD,F3,random,accuracy,0.6861111111111111,0.7152777777777778
1,PAuth-derived,natural,UNIFIED-ORAM-PAD,F3,random,macro_f1,0.40691927512355847,0.7152777777777778
1,PAuth-derived,natural,UNIFIED-ORAM-PAD,F3,random,roc_auc,0.5,0.7152777777777778
1,PAuth-derived,natural,UNIFIED-ORAM-PAD,F4,random,accuracy,0.6861111111111111,0.7152777777777778
1,PAuth-derived,natural,UNIFIED-ORAM-PAD,F4,random,macro_f1,0.40691927512355847,0.7152777777777778
1,PAuth-derived,natural,UNIFIED-ORAM-PAD,F4,random,roc_auc,0.5,0.7152777777777778
1,PAuth-derived,natural,UNIFIED-ORAM-PAD,F5,random,accuracy,0.6819444444444445,0.7055555555555556
1,PAuth-derived,natural,UNIFIED-ORAM-PAD,F5,random,macro_f1,0.4475252899252444,0.7055555555555556
1,PAuth-derived,natural,UNIFIED-ORAM-PAD,F5,random,roc_auc,0.4910340009315324,0.7055555555555556
2,GAAP-derived,balanced,MODULAR-ORAM,F0,random,accuracy,0.49166666666666664,0.5125
2,GAAP-derived,balanced,MODULAR-ORAM,F0,random,macro_f1,0.329608938547486,0.5125
2,GAAP-derived,balanced,MODULAR-ORAM,F0,random,roc_auc,0.5,0.5125
2,GAAP-derived,balanced,MODULAR-ORAM,F1,random,accuracy,1.0,0.4986111111111111
2,GAAP-derived,balanced,MODULAR-ORAM,F1,random,macro_f1,1.0,0.4986111111111111
2,GAAP-derived,balanced,MODULAR-ORAM,F1,random,roc_auc,1.0,0.4986111111111111
2,GAAP-derived,balanced,MODULAR-ORAM,F2,random,accuracy,1.0,0.4986111111111111
2,GAAP-derived,balanced,MODULAR-ORAM,F2,random,macro_f1,1.0,0.4986111111111111
2,GAAP-derived,balanced,MODULAR-ORAM,F2,random,roc_auc,1.0,0.4986111111111111
2,GAAP-derived,balanced,MODULAR-ORAM,F3,random,accuracy,1.0,0.4986111111111111
2,GAAP-derived,balanced,MODULAR-ORAM,F3,random,macro_f1,1.0,0.4986111111111111
2,GAAP-derived,balanced,MODULAR-ORAM,F3,random,roc_auc,1.0,0.4986111111111111
2,GAAP-derived,balanced,MODULAR-ORAM,F4,random,accuracy,1.0,0.4986111111111111
2,GAAP-derived,balanced,MODULAR-ORAM,F4,random,macro_f1,1.0,0.4986111111111111
2,GAAP-derived,balanced,MODULAR-ORAM,F4,random,roc_auc,1.0,0.4986111111111111
2,GAAP-derived,balanced,MODULAR-ORAM,F4,grouped_entity,accuracy,1.0,0.513776337115073
2,GAAP-derived,balanced,MODULAR-ORAM,F4,grouped_entity,macro_f1,1.0,0.513776337115073
2,GAAP-derived,balanced,MODULAR-ORAM,F4,grouped_entity,roc_auc,1.0,0.513776337115073
2,GAAP-derived,balanced,MODULAR-ORAM,F5,random,accuracy,1.0,0.48333333333333334
2,GAAP-derived,balanced,MODULAR-ORAM,F5,random,macro_f1,1.0,0.48333333333333334
2,GAAP-derived,balanced,MODULAR-ORAM,F5,random,roc_auc,1.0,0.48333333333333334
2,GAAP-derived,balanced,CANONICAL-MODULAR,F0,random,accuracy,0.49166666666666664,0.5125
2,GAAP-derived,balanced,CANONICAL-MODULAR,F0,random,macro_f1,0.329608938547486,0.5125
2,GAAP-derived,balanced,CANONICAL-MODULAR,F0,random,roc_auc,0.5,0.5125
2,GAAP-derived,balanced,CANONICAL-MODULAR,F1,random,accuracy,0.49166666666666664,0.5125
2,GAAP-derived,balanced,CANONICAL-MODULAR,F1,random,macro_f1,0.329608938547486,0.5125
2,GAAP-derived,balanced,CANONICAL-MODULAR,F1,random,roc_auc,0.5,0.5125
2,GAAP-derived,balanced,CANONICAL-MODULAR,F2,random,accuracy,0.49166666666666664,0.5125
2,GAAP-derived,balanced,CANONICAL-MODULAR,F2,random,macro_f1,0.329608938547486,0.5125
2,GAAP-derived,balanced,CANONICAL-MODULAR,F2,random,roc_auc,0.5,0.5125
2,GAAP-derived,balanced,CANONICAL-MODULAR,F3,random,accuracy,0.49166666666666664,0.5125
2,GAAP-derived,balanced,CANONICAL-MODULAR,F3,random,macro_f1,0.329608938547486,0.5125
2,GAAP-derived,balanced,CANONICAL-MODULAR,F3,random,roc_auc,0.5,0.5125
2,GAAP-derived,balanced,CANONICAL-MODULAR,F4,random,accuracy,0.49166666666666664,0.5125
2,GAAP-derived,balanced,CANONICAL-MODULAR,F4,random,macro_f1,0.329608938547486,0.5125
2,GAAP-derived,balanced,CANONICAL-MODULAR,F4,random,roc_auc,0.5,0.5125
2,GAAP-derived,balanced,CANONICAL-MODULAR,F4,grouped_entity,accuracy,0.5170178282009724,0.49270664505672607
2,GAAP-derived,balanced,CANONICAL-MODULAR,F4,grouped_entity,macro_f1,0.3408119658119658,0.49270664505672607
2,GAAP-derived,balanced,CANONICAL-MODULAR,F4,grouped_entity,roc_auc,0.5,0.49270664505672607
2,GAAP-derived,balanced,CANONICAL-MODULAR,F5,random,accuracy,0.5013888888888889,0.4875
2,GAAP-derived,balanced,CANONICAL-MODULAR,F5,random,macro_f1,0.49703353304365927,0.4875
2,GAAP-derived,balanced,CANONICAL-MODULAR,F5,random,roc_auc,0.5066260689697756,0.4875
2,GAAP-derived,balanced,UNIFIED-ORAM,F0,random,accuracy,0.49166666666666664,0.5125
2,GAAP-derived,balanced,UNIFIED-ORAM,F0,random,macro_f1,0.329608938547486,0.5125
2,GAAP-derived,balanced,UNIFIED-ORAM,F0,random,roc_auc,0.5,0.5125
2,GAAP-derived,balanced,UNIFIED-ORAM,F1,random,accuracy,0.49166666666666664,0.5125
2,GAAP-derived,balanced,UNIFIED-ORAM,F1,random,macro_f1,0.329608938547486,0.5125
2,GAAP-derived,balanced,UNIFIED-ORAM,F1,random,roc_auc,0.5,0.5125
2,GAAP-derived,balanced,UNIFIED-ORAM,F2,random,accuracy,0.49166666666666664,0.5125
2,GAAP-derived,balanced,UNIFIED-ORAM,F2,random,macro_f1,0.329608938547486,0.5125
2,GAAP-derived,balanced,UNIFIED-ORAM,F2,random,roc_auc,0.5,0.5125
2,GAAP-derived,balanced,UNIFIED-ORAM,F3,random,accuracy,0.49166666666666664,0.5125
2,GAAP-derived,balanced,UNIFIED-ORAM,F3,random,macro_f1,0.329608938547486,0.5125
2,GAAP-derived,balanced,UNIFIED-ORAM,F3,random,roc_auc,0.5,0.5125
2,GAAP-derived,balanced,UNIFIED-ORAM,F4,random,accuracy,0.49166666666666664,0.5125
2,GAAP-derived,balanced,UNIFIED-ORAM,F4,random,macro_f1,0.329608938547486,0.5125
2,GAAP-derived,balanced,UNIFIED-ORAM,F4,random,roc_auc,0.5,0.5125
2,GAAP-derived,balanced,UNIFIED-ORAM,F4,grouped_entity,accuracy,0.5170178282009724,0.49270664505672607
2,GAAP-derived,balanced,UNIFIED-ORAM,F4,grouped_entity,macro_f1,0.3408119658119658,0.49270664505672607
2,GAAP-derived,balanced,UNIFIED-ORAM,F4,grouped_entity,roc_auc,0.5,0.49270664505672607
2,GAAP-derived,balanced,UNIFIED-ORAM,F5,random,accuracy,0.5166666666666667,0.5291666666666667
2,GAAP-derived,balanced,UNIFIED-ORAM,F5,random,macro_f1,0.49021778052670983,0.5291666666666667
2,GAAP-derived,balanced,UNIFIED-ORAM,F5,random,roc_auc,0.5195231700163626,0.5291666666666667
2,GAAP-derived,balanced,UNIFIED-ORAM-PAD,F0,random,accuracy,0.49166666666666664,0.5125
2,GAAP-derived,balanced,UNIFIED-ORAM-PAD,F0,random,macro_f1,0.329608938547486,0.5125
2,GAAP-derived,balanced,UNIFIED-ORAM-PAD,F0,random,roc_auc,0.5,0.5125
2,GAAP-derived,balanced,UNIFIED-ORAM-PAD,F1,random,accuracy,0.49166666666666664,0.5125
2,GAAP-derived,balanced,UNIFIED-ORAM-PAD,F1,random,macro_f1,0.329608938547486,0.5125
2,GAAP-derived,balanced,UNIFIED-ORAM-PAD,F1,random,roc_auc,0.5,0.5125
2,GAAP-derived,balanced,UNIFIED-ORAM-PAD,F2,random,accuracy,0.49166666666666664,0.5125
2,GAAP-derived,balanced,UNIFIED-ORAM-PAD,F2,random,macro_f1,0.329608938547486,0.5125
2,GAAP-derived,balanced,UNIFIED-ORAM-PAD,F2,random,roc_auc,0.5,0.5125
2,GAAP-derived,balanced,UNIFIED-ORAM-PAD,F3,random,accuracy,0.49166666666666664,0.5125
2,GAAP-derived,balanced,UNIFIED-ORAM-PAD,F3,random,macro_f1,0.329608938547486,0.5125
2,GAAP-derived,balanced,UNIFIED-ORAM-PAD,F3,random,roc_auc,0.5,0.5125
2,GAAP-derived,balanced,UNIFIED-ORAM-PAD,F4,random,accuracy,0.49166666666666664,0.5125
2,GAAP-derived,balanced,UNIFIED-ORAM-PAD,F4,random,macro_f1,0.329608938547486,0.5125
2,GAAP-derived,balanced,UNIFIED-ORAM-PAD,F4,random,roc_auc,0.5,0.5125
2,GAAP-derived,balanced,UNIFIED-ORAM-PAD,F4,grouped_entity,accuracy,0.5170178282009724,0.49270664505672607
2,GAAP-derived,balanced,UNIFIED-ORAM-PAD,F4,grouped_entity,macro_f1,0.3408119658119658,0.49270664505672607
2,GAAP-derived,balanced,UNIFIED-ORAM-PAD,F4,grouped_entity,roc_auc,0.5,0.49270664505672607
2,GAAP-derived,balanced,UNIFIED-ORAM-PAD,F5,random,accuracy,0.48333333333333334,0.5013888888888889
2,GAAP-derived,balanced,UNIFIED-ORAM-PAD,F5,random,macro_f1,0.4685714285714286,0.5013888888888889
2,GAAP-derived,balanced,UNIFIED-ORAM-PAD,F5,random,roc_auc,0.4859490290512797,0.5013888888888889
2,GAAP-derived,natural,MODULAR-ORAM,F0,random,accuracy,0.6791666666666667,0.6916666666666667
2,GAAP-derived,natural,MODULAR-ORAM,F0,random,macro_f1,0.4044665012406948,0.6916666666666667
2,GAAP-derived,natural,MODULAR-ORAM,F0,random,roc_auc,0.5,0.6916666666666667
2,GAAP-derived,natural,MODULAR-ORAM,F1,random,accuracy,1.0,0.6916666666666667
2,GAAP-derived,natural,MODULAR-ORAM,F1,random,macro_f1,1.0,0.6916666666666667
2,GAAP-derived,natural,MODULAR-ORAM,F1,random,roc_auc,1.0,0.6916666666666667
2,GAAP-derived,natural,MODULAR-ORAM,F2,random,accuracy,1.0,0.6916666666666667
2,GAAP-derived,natural,MODULAR-ORAM,F2,random,macro_f1,1.0,0.6916666666666667
2,GAAP-derived,natural,MODULAR-ORAM,F2,random,roc_auc,1.0,0.6916666666666667
2,GAAP-derived,natural,MODULAR-ORAM,F3,random,accuracy,1.0,0.6916666666666667
2,GAAP-derived,natural,MODULAR-ORAM,F3,random,macro_f1,1.0,0.6916666666666667
2,GAAP-derived,natural,MODULAR-ORAM,F3,random,roc_auc,1.0,0.6916666666666667
2,GAAP-derived,natural,MODULAR-ORAM,F4,random,accuracy,1.0,0.6916666666666667
2,GAAP-derived,natural,MODULAR-ORAM,F4,random,macro_f1,1.0,0.6916666666666667
2,GAAP-derived,natural,MODULAR-ORAM,F4,random,roc_auc,1.0,0.6916666666666667
2,GAAP-derived,natural,MODULAR-ORAM,F5,random,accuracy,1.0,0.6666666666666666
2,GAAP-derived,natural,MODULAR-ORAM,F5,random,macro_f1,1.0,0.6666666666666666
2,GAAP-derived,natural,MODULAR-ORAM,F5,random,roc_auc,1.0,0.6666666666666666
2,GAAP-derived,natural,CANONICAL-MODULAR,F0,random,accuracy,0.6791666666666667,0.6916666666666667
2,GAAP-derived,natural,CANONICAL-MODULAR,F0,random,macro_f1,0.4044665012406948,0.6916666666666667
2,GAAP-derived,natural,CANONICAL-MODULAR,F0,random,roc_auc,0.5,0.6916666666666667
2,GAAP-derived,natural,CANONICAL-MODULAR,F1,random,accuracy,0.6791666666666667,0.6916666666666667
2,GAAP-derived,natural,CANONICAL-MODULAR,F1,random,macro_f1,0.4044665012406948,0.6916666666666667
2,GAAP-derived,natural,CANONICAL-MODULAR,F1,random,roc_auc,0.5,0.6916666666666667
2,GAAP-derived,natural,CANONICAL-MODULAR,F2,random,accuracy,0.6791666666666667,0.6916666666666667
2,GAAP-derived,natural,CANONICAL-MODULAR,F2,random,macro_f1,0.4044665012406948,0.6916666666666667
2,GAAP-derived,natural,CANONICAL-MODULAR,F2,random,roc_auc,0.5,0.6916666666666667
2,GAAP-derived,natural,CANONICAL-MODULAR,F3,random,accuracy,0.6791666666666667,0.6916666666666667
2,GAAP-derived,natural,CANONICAL-MODULAR,F3,random,macro_f1,0.4044665012406948,0.6916666666666667
2,GAAP-derived,natural,CANONICAL-MODULAR,F3,random,roc_auc,0.5,0.6916666666666667
2,GAAP-derived,natural,CANONICAL-MODULAR,F4,random,accuracy,0.6791666666666667,0.6916666666666667
2,GAAP-derived,natural,CANONICAL-MODULAR,F4,random,macro_f1,0.4044665012406948,0.6916666666666667
2,GAAP-derived,natural,CANONICAL-MODULAR,F4,random,roc_auc,0.5,0.6916666666666667
2,GAAP-derived,natural,CANONICAL-MODULAR,F5,random,accuracy,0.6597222222222222,0.6777777777777778
2,GAAP-derived,natural,CANONICAL-MODULAR,F5,random,macro_f1,0.4233013708034877,0.6777777777777778
2,GAAP-derived,natural,CANONICAL-MODULAR,F5,random,roc_auc,0.463778893226746,0.6777777777777778
2,GAAP-derived,natural,UNIFIED-ORAM,F0,random,accuracy,0.6791666666666667,0.6916666666666667
2,GAAP-derived,natural,UNIFIED-ORAM,F0,random,macro_f1,0.4044665012406948,0.6916666666666667
2,GAAP-derived,natural,UNIFIED-ORAM,F0,random,roc_auc,0.5,0.6916666666666667
2,GAAP-derived,natural,UNIFIED-ORAM,F1,random,accuracy,0.6791666666666667,0.6916666666666667
2,GAAP-derived,natural,UNIFIED-ORAM,F1,random,macro_f1,0.4044665012406948,0.6916666666666667
2,GAAP-derived,natural,UNIFIED-ORAM,F1,random,roc_auc,0.5,0.6916666666666667
2,GAAP-derived,natural,UNIFIED-ORAM,F2,random,accuracy,0.6791666666666667,0.6916666666666667
2,GAAP-derived,natural,UNIFIED-ORAM,F2,random,macro_f1,0.4044665012406948,0.6916666666666667
2,GAAP-derived,natural,UNIFIED-ORAM,F2,random,roc_auc,0.5,0.6916666666666667
2,GAAP-derived,natural,UNIFIED-ORAM,F3,random,accuracy,0.6791666666666667,0.6916666666666667
2,GAAP-derived,natural,UNIFIED-ORAM,F3,random,macro_f1,0.4044665012406948,0.6916666666666667
2,GAAP-derived,natural,UNIFIED-ORAM,F3,random,roc_auc,0.5,0.6916666666666667
2,GAAP-derived,natural,UNIFIED-ORAM,F4,random,accuracy,0.6791666666666667,0.6916666666666667
2,GAAP-derived,natural,UNIFIED-ORAM,F4,random,macro_f1,0.4044665012406948,0.6916666666666667
2,GAAP-derived,natural,UNIFIED-ORAM,F4,random,roc_auc,0.5,0.6916666666666667
2,GAAP-derived,natural,UNIFIED-ORAM,F5,random,accuracy,0.6805555555555556,0.6888888888888889
2,GAAP-derived,natural,UNIFIED-ORAM,F5,random,macro_f1,0.40911166933089743,0.6888888888888889
2,GAAP-derived,natural,UNIFIED-ORAM,F5,random,roc_auc,0.518568684212856,0.6888888888888889
2,GAAP-derived,natural,UNIFIED-ORAM-PAD,F0,random,accuracy,0.6791666666666667,0.6916666666666667
2,GAAP-derived,natural,UNIFIED-ORAM-PAD,F0,random,macro_f1,0.4044665012406948,0.6916666666666667
2,GAAP-derived,natural,UNIFIED-ORAM-PAD,F0,random,roc_auc,0.5,0.6916666666666667
2,GAAP-derived,natural,UNIFIED-ORAM-PAD,F1,random,accuracy,0.6791666666666667,0.6916666666666667
2,GAAP-derived,natural,UNIFIED-ORAM-PAD,F1,random,macro_f1,0.4044665012406948,0.6916666666666667
2,GAAP-derived,natural,UNIFIED-ORAM-PAD,F1,random,roc_auc,0.5,0.6916666666666667
2,GAAP-derived,natural,UNIFIED-ORAM-PAD,F2,random,accuracy,0.6791666666666667,0.6916666666666667
2,GAAP-derived,natural,UNIFIED-ORAM-PAD,F2,random,macro_f1,0.4044665012406948,0.6916666666666667
2,GAAP-derived,natural,UNIFIED-ORAM-PAD,F2,random,roc_auc,0.5,0.6916666666666667
2,GAAP-derived,natural,UNIFIED-ORAM-PAD,F3,random,accuracy,0.6791666666666667,0.6916666666666667
2,GAAP-derived,natural,UNIFIED-ORAM-PAD,F3,random,macro_f1,0.4044665012406948,0.6916666666666667
2,GAAP-derived,natural,UNIFIED-ORAM-PAD,F3,random,roc_auc,0.5,0.6916666666666667
2,GAAP-derived,natural,UNIFIED-ORAM-PAD,F4,random,accuracy,0.6791666666666667,0.6916666666666667
2,GAAP-derived,natural,UNIFIED-ORAM-PAD,F4,random,macro_f1,0.4044665012406948,0.6916666666666667
2,GAAP-derived,natural,UNIFIED-ORAM-PAD,F4,random,roc_auc,0.5,0.6916666666666667
2,GAAP-derived,natural,UNIFIED-ORAM-PAD,F5,random,accuracy,0.6805555555555556,0.6916666666666667
2,GAAP-derived,natural,UNIFIED-ORAM-PAD,F5,random,macro_f1,0.40911166933089743,0.6916666666666667
2,GAAP-derived,natural,UNIFIED-ORAM-PAD,F5,random,roc_auc,0.5203790755937995,0.6916666666666667
2,PAuth-derived,balanced,MODULAR-ORAM,F0,random,accuracy,0.49166666666666664,0.5125
2,PAuth-derived,balanced,MODULAR-ORAM,F0,random,macro_f1,0.329608938547486,0.5125
2,PAuth-derived,balanced,MODULAR-ORAM,F0,random,roc_auc,0.5,0.5125
2,PAuth-derived,balanced,MODULAR-ORAM,F1,random,accuracy,0.49166666666666664,0.5125
2,PAuth-derived,balanced,MODULAR-ORAM,F1,random,macro_f1,0.329608938547486,0.5125
2,PAuth-derived,balanced,MODULAR-ORAM,F1,random,roc_auc,0.5,0.5125
2,PAuth-derived,balanced,MODULAR-ORAM,F2,random,accuracy,0.49166666666666664,0.5125
2,PAuth-derived,balanced,MODULAR-ORAM,F2,random,macro_f1,0.329608938547486,0.5125
2,PAuth-derived,balanced,MODULAR-ORAM,F2,random,roc_auc,0.5,0.5125
2,PAuth-derived,balanced,MODULAR-ORAM,F3,random,accuracy,0.49166666666666664,0.5125
2,PAuth-derived,balanced,MODULAR-ORAM,F3,random,macro_f1,0.329608938547486,0.5125
2,PAuth-derived,balanced,MODULAR-ORAM,F3,random,roc_auc,0.5,0.5125
2,PAuth-derived,balanced,MODULAR-ORAM,F4,random,accuracy,0.49166666666666664,0.5125
2,PAuth-derived,balanced,MODULAR-ORAM,F4,random,macro_f1,0.329608938547486,0.5125
2,PAuth-derived,balanced,MODULAR-ORAM,F4,random,roc_auc,0.5,0.5125
2,PAuth-derived,balanced,MODULAR-ORAM,F4,grouped_entity,accuracy,0.5170178282009724,0.49270664505672607
2,PAuth-derived,balanced,MODULAR-ORAM,F4,grouped_entity,macro_f1,0.3408119658119658,0.49270664505672607
2,PAuth-derived,balanced,MODULAR-ORAM,F4,grouped_entity,roc_auc,0.5,0.49270664505672607
2,PAuth-derived,balanced,MODULAR-ORAM,F5,random,accuracy,0.49722222222222223,0.5319444444444444
2,PAuth-derived,balanced,MODULAR-ORAM,F5,random,macro_f1,0.4813382047424601,0.5319444444444444
2,PAuth-derived,balanced,MODULAR-ORAM,F5,random,roc_auc,0.5099873421629465,0.5319444444444444
2,PAuth-derived,balanced,CANONICAL-MODULAR,F0,random,accuracy,0.49166666666666664,0.5125
2,PAuth-derived,balanced,CANONICAL-MODULAR,F0,random,macro_f1,0.329608938547486,0.5125
2,PAuth-derived,balanced,CANONICAL-MODULAR,F0,random,roc_auc,0.5,0.5125
2,PAuth-derived,balanced,CANONICAL-MODULAR,F1,random,accuracy,0.49166666666666664,0.5125
2,PAuth-derived,balanced,CANONICAL-MODULAR,F1,random,macro_f1,0.329608938547486,0.5125
2,PAuth-derived,balanced,CANONICAL-MODULAR,F1,random,roc_auc,0.5,0.5125
2,PAuth-derived,balanced,CANONICAL-MODULAR,F2,random,accuracy,0.49166666666666664,0.5125
2,PAuth-derived,balanced,CANONICAL-MODULAR,F2,random,macro_f1,0.329608938547486,0.5125
2,PAuth-derived,balanced,CANONICAL-MODULAR,F2,random,roc_auc,0.5,0.5125
2,PAuth-derived,balanced,CANONICAL-MODULAR,F3,random,accuracy,0.49166666666666664,0.5125
2,PAuth-derived,balanced,CANONICAL-MODULAR,F3,random,macro_f1,0.329608938547486,0.5125
2,PAuth-derived,balanced,CANONICAL-MODULAR,F3,random,roc_auc,0.5,0.5125
2,PAuth-derived,balanced,CANONICAL-MODULAR,F4,random,accuracy,0.49166666666666664,0.5125
2,PAuth-derived,balanced,CANONICAL-MODULAR,F4,random,macro_f1,0.329608938547486,0.5125
2,PAuth-derived,balanced,CANONICAL-MODULAR,F4,random,roc_auc,0.5,0.5125
2,PAuth-derived,balanced,CANONICAL-MODULAR,F4,grouped_entity,accuracy,0.5170178282009724,0.49270664505672607
2,PAuth-derived,balanced,CANONICAL-MODULAR,F4,grouped_entity,macro_f1,0.3408119658119658,0.49270664505672607
2,PAuth-derived,balanced,CANONICAL-MODULAR,F4,grouped_entity,roc_auc,0.5,0.49270664505672607
2,PAuth-derived,balanced,CANONICAL-MODULAR,F5,random,accuracy,0.49722222222222223,0.5319444444444444
2,PAuth-derived,balanced,CANONICAL-MODULAR,F5,random,macro_f1,0.4813382047424601,0.5319444444444444
2,PAuth-derived,balanced,CANONICAL-MODULAR,F5,random,roc_auc,0.5099873421629465,0.5319444444444444
2,PAuth-derived,balanced,UNIFIED-ORAM,F0,random,accuracy,0.49166666666666664,0.5125
2,PAuth-derived,balanced,UNIFIED-ORAM,F0,random,macro_f1,0.329608938547486,0.5125
2,PAuth-derived,balanced,UNIFIED-ORAM,F0,random,roc_auc,0.5,0.5125
2,PAuth-derived,balanced,UNIFIED-ORAM,F1,random,accuracy,0.49166666666666664,0.5125
2,PAuth-derived,balanced,UNIFIED-ORAM,F1,random,macro_f1,0.329608938547486,0.5125
2,PAuth-derived,balanced,UNIFIED-ORAM,F1,random,roc_auc,0.5,0.5125
2,PAuth-derived,balanced,UNIFIED-ORAM,F2,random,accuracy,0.49166666666666664,0.5125
2,PAuth-derived,balanced,UNIFIED-ORAM,F2,random,macro_f1,0.329608938547486,0.5125
2,PAuth-derived,balanced,UNIFIED-ORAM,F2,random,roc_auc,0.5,0.5125
2,PAuth-derived,balanced,UNIFIED-ORAM,F3,random,accuracy,0.49166666666666664,0.5125
2,PAuth-derived,balanced,UNIFIED-ORAM,F3,random,macro_f1,0.329608938547486,0.5125
2,PAuth-derived,balanced,UNIFIED-ORAM,F3,random,roc_auc,0.5,0.5125
2,PAuth-derived,balanced,UNIFIED-ORAM,F4,random,accuracy,0.49166666666666664,0.5125
2,PAuth-derived,balanced,UNIFIED-ORAM,F4,random,macro_f1,0.329608938547486,0.5125
2,PAuth-derived,balanced,UNIFIED-ORAM,F4,random,roc_auc,0.5,0.5125
2,PAuth-derived,balanced,UNIFIED-ORAM,F4,grouped_entity,accuracy,0.5170178282009724,0.49270664505672607
2,PAuth-derived,balanced,UNIFIED-ORAM,F4,grouped_entity,macro_f1,0.3408119658119658,0.49270664505672607
2,PAuth-derived,balanced,UNIFIED-ORAM,F4,grouped_entity,roc_auc,0.5,0.49270664505672607
2,PAuth-derived,balanced,UNIFIED-ORAM,F5,random,accuracy,0.49722222222222223,0.5319444444444444
2,PAuth-derived,balanced,UNIFIED-ORAM,F5,random,macro_f1,0.4813382047424601,0.5319444444444444
2,PAuth-derived,balanced,UNIFIED-ORAM,F5,random,roc_auc,0.5099873421629465,0.5319444444444444
2,PAuth-derived,balanced,UNIFIED-ORAM-PAD,F0,random,accuracy,0.49166666666666664,0.5125
2,PAuth-derived,balanced,UNIFIED-ORAM-PAD,F0,random,macro_f1,0.329608938547486,0.5125
2,PAuth-derived,balanced,UNIFIED-ORAM-PAD,F0,random,roc_auc,0.5,0.5125
2,PAuth-derived,balanced,UNIFIED-ORAM-PAD,F1,random,accuracy,0.49166666666666664,0.5125
2,PAuth-derived,balanced,UNIFIED-ORAM-PAD,F1,random,macro_f1,0.329608938547486,0.5125
2,PAuth-derived,balanced,UNIFIED-ORAM-PAD,F1,random,roc_auc,0.5,0.5125
2,PAuth-derived,balanced,UNIFIED-ORAM-PAD,F2,random,accuracy,0.49166666666666664,0.5125
2,PAuth-derived,balanced,UNIFIED-ORAM-PAD,F2,random,macro_f1,0.329608938547486,0.5125
2,PAuth-derived,balanced,UNIFIED-ORAM-PAD,F2,random,roc_auc,0.5,0.5125
2,PAuth-derived,balanced,UNIFIED-ORAM-PAD,F3,random,accuracy,0.49166666666666664,0.5125
2,PAuth-derived,balanced,UNIFIED-ORAM-PAD,F3,random,macro_f1,0.329608938547486,0.5125
2,PAuth-derived,balanced,UNIFIED-ORAM-PAD,F3,random,roc_auc,0.5,0.5125
2,PAuth-derived,balanced,UNIFIED-ORAM-PAD,F4,random,accuracy,0.49166666666666664,0.5125
2,PAuth-derived,balanced,UNIFIED-ORAM-PAD,F4,random,macro_f1,0.329608938547486,0.5125
2,PAuth-derived,balanced,UNIFIED-ORAM-PAD,F4,random,roc_auc,0.5,0.5125
2,PAuth-derived,balanced,UNIFIED-ORAM-PAD,F4,grouped_entity,accuracy,0.5170178282009724,0.49270664505672607
2,PAuth-derived,balanced,UNIFIED-ORAM-PAD,F4,grouped_entity,macro_f1,0.3408119658119658,0.49270664505672607
2,PAuth-derived,balanced,UNIFIED-ORAM-PAD,F4,grouped_entity,roc_auc,0.5,0.49270664505672607
2,PAuth-derived,balanced,UNIFIED-ORAM-PAD,F5,random,accuracy,0.49722222222222223,0.5319444444444444
2,PAuth-derived,balanced,UNIFIED-ORAM-PAD,F5,random,macro_f1,0.4813382047424601,0.5319444444444444
2,PAuth-derived,balanced,UNIFIED-ORAM-PAD,F5,random,roc_auc,0.5099873421629465,0.5319444444444444
2,PAuth-derived,natural,MODULAR-ORAM,F0,random,accuracy,0.6791666666666667,0.6916666666666667
2,PAuth-derived,natural,MODULAR-ORAM,F0,random,macro_f1,0.4044665012406948,0.6916666666666667
2,PAuth-derived,natural,MODULAR-ORAM,F0,random,roc_auc,0.5,0.6916666666666667
2,PAuth-derived,natural,MODULAR-ORAM,F1,random,accuracy,0.6791666666666667,0.6916666666666667
2,PAuth-derived,natural,MODULAR-ORAM,F1,random,macro_f1,0.4044665012406948,0.6916666666666667
2,PAuth-derived,natural,MODULAR-ORAM,F1,random,roc_auc,0.5,0.6916666666666667
2,PAuth-derived,natural,MODULAR-ORAM,F2,random,accuracy,0.6791666666666667,0.6916666666666667
2,PAuth-derived,natural,MODULAR-ORAM,F2,random,macro_f1,0.4044665012406948,0.6916666666666667
2,PAuth-derived,natural,MODULAR-ORAM,F2,random,roc_auc,0.5,0.6916666666666667
2,PAuth-derived,natural,MODULAR-ORAM,F3,random,accuracy,0.6791666666666667,0.6916666666666667
2,PAuth-derived,natural,MODULAR-ORAM,F3,random,macro_f1,0.4044665012406948,0.6916666666666667
2,PAuth-derived,natural,MODULAR-ORAM,F3,random,roc_auc,0.5,0.6916666666666667
2,PAuth-derived,natural,MODULAR-ORAM,F4,random,accuracy,0.6791666666666667,0.6916666666666667
2,PAuth-derived,natural,MODULAR-ORAM,F4,random,macro_f1,0.4044665012406948,0.6916666666666667
2,PAuth-derived,natural,MODULAR-ORAM,F4,random,roc_auc,0.5,0.6916666666666667
2,PAuth-derived,natural,MODULAR-ORAM,F5,random,accuracy,0.6625,0.6347222222222222
2,PAuth-derived,natural,MODULAR-ORAM,F5,random,macro_f1,0.41740395789698015,0.6347222222222222
2,PAuth-derived,natural,MODULAR-ORAM,F5,random,roc_auc,0.49855699855699853,0.6347222222222222
2,PAuth-derived,natural,CANONICAL-MODULAR,F0,random,accuracy,0.6791666666666667,0.6916666666666667
2,PAuth-derived,natural,CANONICAL-MODULAR,F0,random,macro_f1,0.4044665012406948,0.6916666666666667
2,PAuth-derived,natural,CANONICAL-MODULAR,F0,random,roc_auc,0.5,0.6916666666666667
2,PAuth-derived,natural,CANONICAL-MODULAR,F1,random,accuracy,0.6791666666666667,0.6916666666666667
2,PAuth-derived,natural,CANONICAL-MODULAR,F1,random,macro_f1,0.4044665012406948,0.6916666666666667
2,PAuth-derived,natural,CANONICAL-MODULAR,F1,random,roc_auc,0.5,0.6916666666666667
2,PAuth-derived,natural,CANONICAL-MODULAR,F2,random,accuracy,0.6791666666666667,0.6916666666666667
2,PAuth-derived,natural,CANONICAL-MODULAR,F2,random,macro_f1,0.4044665012406948,0.6916666666666667
2,PAuth-derived,natural,CANONICAL-MODULAR,F2,random,roc_auc,0.5,0.6916666666666667
2,PAuth-derived,natural,CANONICAL-MODULAR,F3,random,accuracy,0.6791666666666667,0.6916666666666667
2,PAuth-derived,natural,CANONICAL-MODULAR,F3,random,macro_f1,0.4044665012406948,0.6916666666666667
2,PAuth-derived,natural,CANONICAL-MODULAR,F3,random,roc_auc,0.5,0.6916666666666667
2,PAuth-derived,natural,CANONICAL-MODULAR,F4,random,accuracy,0.6791666666666667,0.6916666666666667
2,PAuth-derived,natural,CANONICAL-MODULAR,F4,random,macro_f1,0.4044665012406948,0.6916666666666667
2,PAuth-derived,natural,CANONICAL-MODULAR,F4,random,roc_auc,0.5,0.6916666666666667
2,PAuth-derived,natural,CANONICAL-MODULAR,F5,random,accuracy,0.6625,0.6347222222222222
2,PAuth-derived,natural,CANONICAL-MODULAR,F5,random,macro_f1,0.41740395789698015,0.6347222222222222
2,PAuth-derived,natural,CANONICAL-MODULAR,F5,random,roc_auc,0.49855699855699853,0.6347222222222222
2,PAuth-derived,natural,UNIFIED-ORAM,F0,random,accuracy,0.6791666666666667,0.6916666666666667
2,PAuth-derived,natural,UNIFIED-ORAM,F0,random,macro_f1,0.4044665012406948,0.6916666666666667
2,PAuth-derived,natural,UNIFIED-ORAM,F0,random,roc_auc,0.5,0.6916666666666667
2,PAuth-derived,natural,UNIFIED-ORAM,F1,random,accuracy,0.6791666666666667,0.6916666666666667
2,PAuth-derived,natural,UNIFIED-ORAM,F1,random,macro_f1,0.4044665012406948,0.6916666666666667
2,PAuth-derived,natural,UNIFIED-ORAM,F1,random,roc_auc,0.5,0.6916666666666667
2,PAuth-derived,natural,UNIFIED-ORAM,F2,random,accuracy,0.6791666666666667,0.6916666666666667
2,PAuth-derived,natural,UNIFIED-ORAM,F2,random,macro_f1,0.4044665012406948,0.6916666666666667
2,PAuth-derived,natural,UNIFIED-ORAM,F2,random,roc_auc,0.5,0.6916666666666667
2,PAuth-derived,natural,UNIFIED-ORAM,F3,random,accuracy,0.6791666666666667,0.6916666666666667
2,PAuth-derived,natural,UNIFIED-ORAM,F3,random,macro_f1,0.4044665012406948,0.6916666666666667
2,PAuth-derived,natural,UNIFIED-ORAM,F3,random,roc_auc,0.5,0.6916666666666667
2,PAuth-derived,natural,UNIFIED-ORAM,F4,random,accuracy,0.6791666666666667,0.6916666666666667
2,PAuth-derived,natural,UNIFIED-ORAM,F4,random,macro_f1,0.4044665012406948,0.6916666666666667
2,PAuth-derived,natural,UNIFIED-ORAM,F4,random,roc_auc,0.5,0.6916666666666667
2,PAuth-derived,natural,UNIFIED-ORAM,F5,random,accuracy,0.6625,0.6347222222222222
2,PAuth-derived,natural,UNIFIED-ORAM,F5,random,macro_f1,0.41740395789698015,0.6347222222222222
2,PAuth-derived,natural,UNIFIED-ORAM,F5,random,roc_auc,0.49855699855699853,0.6347222222222222
2,PAuth-derived,natural,UNIFIED-ORAM-PAD,F0,random,accuracy,0.6791666666666667,0.6916666666666667
2,PAuth-derived,natural,UNIFIED-ORAM-PAD,F0,random,macro_f1,0.4044665012406948,0.6916666666666667
2,PAuth-derived,natural,UNIFIED-ORAM-PAD,F0,random,roc_auc,0.5,0.6916666666666667
2,PAuth-derived,natural,UNIFIED-ORAM-PAD,F1,random,accuracy,0.6791666666666667,0.6916666666666667
2,PAuth-derived,natural,UNIFIED-ORAM-PAD,F1,random,macro_f1,0.4044665012406948,0.6916666666666667
2,PAuth-derived,natural,UNIFIED-ORAM-PAD,F1,random,roc_auc,0.5,0.6916666666666667
2,PAuth-derived,natural,UNIFIED-ORAM-PAD,F2,random,accuracy,0.6791666666666667,0.6916666666666667
2,PAuth-derived,natural,UNIFIED-ORAM-PAD,F2,random,macro_f1,0.4044665012406948,0.6916666666666667
2,PAuth-derived,natural,UNIFIED-ORAM-PAD,F2,random,roc_auc,0.5,0.6916666666666667
2,PAuth-derived,natural,UNIFIED-ORAM-PAD,F3,random,accuracy,0.6791666666666667,0.6916666666666667
2,PAuth-derived,natural,UNIFIED-ORAM-PAD,F3,random,macro_f1,0.4044665012406948,0.6916666666666667
2,PAuth-derived,natural,UNIFIED-ORAM-PAD,F3,random,roc_auc,0.5,0.6916666666666667
2,PAuth-derived,natural,UNIFIED-ORAM-PAD,F4,random,accuracy,0.6791666666666667,0.6916666666666667
2,PAuth-derived,natural,UNIFIED-ORAM-PAD,F4,random,macro_f1,0.4044665012406948,0.6916666666666667
2,PAuth-derived,natural,UNIFIED-ORAM-PAD,F4,random,roc_auc,0.5,0.6916666666666667
2,PAuth-derived,natural,UNIFIED-ORAM-PAD,F5,random,accuracy,0.6625,0.6347222222222222
2,PAuth-derived,natural,UNIFIED-ORAM-PAD,F5,random,macro_f1,0.41740395789698015,0.6347222222222222
2,PAuth-derived,natural,UNIFIED-ORAM-PAD,F5,random,roc_auc,0.49855699855699853,0.6347222222222222
