data_security_ratio,architecture,privacy,logical_accesses,physical_paths,physical_blocks,physical_blocks_4k_equiv,bytes_action,tree_storage_bytes,position_map_bytes,stash_bytes,trusted_state_bytes,dummy_fraction,rounds_serial,rounds_parallel,local_compute_us,storage_amplification,read_write_amplification,logical_block_counts,block_sizes,tree_heights
1,MODULAR-ORAM,leak,3,3,296.0,64.5,264192.0,143636992,36864,24576,61440,0,3,3,54,7.999002052919708,58.97142857142857,data:4096;perm:1024;hist:4096,data:4096;perm:128;hist:256,data:12;perm:10;hist:12
1,NAIVE-FIXED,pass,4,4,400,119.75,490496,143636992,36864,24576,61696,0.25,4,3,72,7.999002052919708,109.48571428571428,data:4096;perm:1024;hist:4096,data:4096;perm:128;hist:256,data:12;perm:10;hist:12
1,CANONICAL-MODULAR,pass,4,4,400,119.75,490496,143636992,36864,24576,61696,0.25,4,3,72,7.999002052919708,109.48571428571428,data:4096;perm:1024;hist:4096,data:4096;perm:128;hist:256,data:12;perm:10;hist:12
1,UNIFIED-FIXED,pass,3,3,360,360.0,1474560,536854528,36864,24576,61440,0,3,3,54,29.896897810218977,329.14285714285717,unified:9216,unified:4096,unified:14
1,UNIFIED-PACKED,pass,3.0,3.0,336.0,336.0,1376256.0,268419072,17628,24576,42204,0,3,3,54.0,14.947992700729927,307.2,packed-pages:4407,packed:4096,unified-packed:13
1,RANDOMIZED-PARTITION,not_implemented,3.0,6.0,528.0,528.0,2162688.0,268304384,52884,24576,77460,0,6,6,108.0,14.941605839416058,482.74285714285713,packed-pages:4407,packed:4096,8 partitions:10
1,HYBRID-P,pass,3,3,312,117.0,479232,142588928,32768,24576,188416,0.3333333333333333,3,2,54,7.940636405109489,106.97142857142858,data:4096;hist:4096,data:4096;hist:256,data:12;hist:12
1,HYBRID-PH,pass,1,1,104,104.0,425984,134201344,16384,24576,1220608,0.5,1,1,18,7.473540145985401,95.08571428571429,data:4096,data:4096,data:12
1,SCAN-PERMISSION,pass,3,3,312,149.0,610304,142720000,32768,24576,57344,0.25,3,3,54,7.947935675182482,136.22857142857143,data:4096;hist:4096;perm-scan:1024,data:4096;hist:256;perm:128,data:12;hist:12;perm:scan
1,SCAN-HISTORY,pass,2,2,192,618.75,2534400,136297984,20480,24576,45056,0.3333333333333333,2,3,36,7.590299954379562,565.7142857142857,data:4096;perm:1024;hist-scan:4096,data:4096;perm:128;hist:256,data:12;perm:10;hist:scan
1,SCAN-BOTH,pass,1,1,104,648.0,2654208,135380992,16384,24576,40960,0.3333333333333333,1,3,18,7.539233576642336,592.4571428571429,data:4096;perm-scan:1024;hist-scan:4096,data:4096;perm:128;hist:256,data:12;perm:scan;hist:scan
4,MODULAR-ORAM,leak,3,3,304.0,72.5,296960.0,546290176,86016,24576,110592,0,3,3,54,7.999737583973128,66.28571428571429,data:16384;perm:1024;hist:4096,data:4096;perm:128;hist:256,data:14;perm:10;hist:12
4,NAIVE-FIXED,pass,4,4,416,135.75,556032,546290176,86016,24576,110848,0.25,4,3,72,7.999737583973128,124.11428571428571,data:16384;perm:1024;hist:4096,data:4096;perm:128;hist:256,data:14;perm:10;hist:12
4,CANONICAL-MODULAR,pass,4,4,416,135.75,556032,546290176,86016,24576,110848,0.25,4,3,72,7.999737583973128,124.11428571428571,data:16384;perm:1024;hist:4096,data:4096;perm:128;hist:256,data:14;perm:10;hist:12
4,UNIFIED-FIXED,pass,3,3,384,384.0,1572864,1073725440,86016,24576,110592,0,3,3,54,15.723368522072937,351.0857142857143,unified:21504,unified:4096,unified:15
4,UNIFIED-PACKED,pass,3.0,3.0,384.0,384.0,1572864.0,1073725440,66780,24576,91356,0,3,3,54.0,15.723368522072937,351.0857142857143,packed-pages:16695,packed:4096,unified-packed:15
4,RANDOMIZED-PARTITION,not_implemented,3.0,6.0,624.0,624.0,2555904.0,1073610752,200340,24576,224916,0,6,6,108.0,15.72168905950096,570.5142857142857,packed-pages:16695,packed:4096,8 partitions:12
4,HYBRID-P,pass,3,3,328,133.0,544768,545242112,81920,24576,237568,0.3333333333333333,3,2,54,7.984389995201536,121.6,data:16384;hist:4096,data:4096;hist:256,data:14;hist:12
4,HYBRID-PH,pass,1,1,120,120.0,491520,536854528,65536,24576,1269760,0.5,1,1,18,7.8615642994241846,109.71428571428571,data:16384,data:4096,data:14
4,SCAN-PERMISSION,pass,3,3,328,165.0,675840,545373184,81920,24576,106496,0.25,3,3,54,7.9863093809980805,150.85714285714286,data:16384;hist:4096;perm-scan:1024,data:4096;hist:256;perm:128,data:14;hist:12;perm:scan
4,SCAN-HISTORY,pass,2,2,208,634.75,2599936,538951168,69632,24576,94208,0.3333333333333333,2,3,36,7.892266974568138,580.3428571428572,data:16384;perm:1024;hist-scan:4096,data:4096;perm:128;hist:256,data:14;perm:10;hist:scan
4,SCAN-BOTH,pass,1,1,120,664.0,2719744,538034176,65536,24576,90112,0.3333333333333333,1,3,18,7.87883877159309,607.0857142857143,data:16384;perm-scan:1024;hist-scan:4096,data:4096;perm:128;hist:256,data:14;perm:scan;hist:scan
16,MODULAR-ORAM,leak,3,3,312.0,80.5,329728.0,2156902912,282624,24576,307200,0,3,3,54,7.999933534880895,73.6,data:65536;perm:1024;hist:4096,data:4096;perm:128;hist:256,data:16;perm:10;hist:12
16,NAIVE-FIXED,pass,4,4,432,151.75,621568,2156902912,282624,24576,307456,0.25,4,3,72,7.999933534880895,138.74285714285713,data:65536;perm:1024;hist:4096,data:4096;perm:128;hist:256,data:16;perm:10;hist:12
16,CANONICAL-MODULAR,pass,4,4,432,151.75,621568,2156902912,282624,24576,307456,0.25,4,3,72,7.999933534880895,138.74285714285713,data:65536;perm:1024;hist:4096,data:4096;perm:128;hist:256,data:16;perm:10;hist:12
16,UNIFIED-FIXED,pass,3,3,432,432.0,1769472,4294950912,282624,24576,307200,0,3,3,54,15.929934370442393,394.9714285714286,unified:70656,unified:4096,unified:17
16,UNIFIED-PACKED,pass,3.0,3.0,432.0,432.0,1769472.0,4294950912,263388,24576,287964,0,3,3,54.0,15.929934370442393,394.9714285714286,packed-pages:65847,packed:4096,unified-packed:17
16,RANDOMIZED-PARTITION,not_implemented,3.0,6.0,720.0,720.0,2949120.0,4294836224,790164,24576,814740,0,6,6,108.0,15.929508993680116,658.2857142857143,packed-pages:65847,packed:4096,8 partitions:14
16,HYBRID-P,pass,3,3,344,149.0,610304,2155854848,278528,24576,434176,0.3333333333333333,3,2,54,7.996046274914924,136.22857142857143,data:65536;hist:4096,data:4096;hist:256,data:16;hist:12
16,HYBRID-PH,pass,1,1,136,136.0,557056,2147467264,262144,24576,1466368,0.5,1,1,18,7.964936801166748,124.34285714285714,data:65536,data:4096,data:16
16,SCAN-PERMISSION,pass,3,3,344,181.0,741376,2155985920,278528,24576,303104,0.25,3,3,54,7.996532419786096,165.4857142857143,data:65536;hist:4096;perm-scan:1024,data:4096;hist:256;perm:128,data:16;hist:12;perm:scan
16,SCAN-HISTORY,pass,2,2,224,650.75,2665472,2149563904,266240,24576,290816,0.3333333333333333,2,3,36,7.97271322010209,594.9714285714285,data:65536;perm:1024;hist-scan:4096,data:4096;perm:128;hist:256,data:16;perm:10;hist:scan
16,SCAN-BOTH,pass,1,1,136,680.0,2785280,2148646912,262144,24576,286720,0.3333333333333333,1,3,18,7.969312105007292,621.7142857142857,data:65536;perm-scan:1024;hist-scan:4096,data:4096;perm:128;hist:256,data:16;perm:scan;hist:scan
64,MODULAR-ORAM,leak,3,3,320.0,88.5,362496.0,8599353856,1069056,24576,1093632,0,3,3,54,7.999983329014754,80.91428571428571,data:262144;perm:1024;hist:4096,data:4096;perm:128;hist:256,data:18;perm:10;hist:12
64,NAIVE-FIXED,pass,4,4,448,167.75,687104,8599353856,1069056,24576,1093888,0.25,4,3,72,7.999983329014754,153.37142857142857,data:262144;perm:1024;hist:4096,data:4096;perm:128;hist:256,data:18;perm:10;hist:12
64,CANONICAL-MODULAR,pass,4,4,448,167.75,687104,8599353856,1069056,24576,1093888,0.25,4,3,72,7.999983329014754,153.37142857142857,data:262144;perm:1024;hist:4096,data:4096;perm:128;hist:256,data:18;perm:10;hist:12
64,UNIFIED-FIXED,pass,3,3,480,480.0,1966080,17179852800,1069056,24576,1093632,0,3,3,54,15.982425923667845,438.85714285714283,unified:267264,unified:4096,unified:19
64,UNIFIED-PACKED,pass,3.0,3.0,480.0,480.0,1966080.0,17179852800,1049820,24576,1074396,0,3,3,54.0,15.982425923667845,438.85714285714283,packed-pages:262455,packed:4096,unified-packed:19
64,RANDOMIZED-PARTITION,not_implemented,3.0,6.0,816.0,816.0,3342336.0,17179738112,3149460,24576,3174036,0,6,6,108.0,15.982319229362274,746.0571428571428,packed-pages:262455,packed:4096,8 partitions:16
64,HYBRID-P,pass,3,3,360,165.0,675840,8598305792,1064960,24576,1220608,0.3333333333333333,3,2,54,7.999008314534813,150.85714285714286,data:262144;hist:4096,data:4096;hist:256,data:18;hist:12
64,HYBRID-PH,pass,1,1,152,152.0,622592,8589918208,1048576,24576,2252800,0.5,1,1,18,7.991205340812096,138.97142857142856,data:262144,data:4096,data:18
64,SCAN-PERMISSION,pass,3,3,360,197.0,806912,8598436864,1064960,24576,1089536,0.25,3,3,54,7.999130250884039,180.11428571428573,data:262144;hist:4096;perm-scan:1024,data:4096;hist:256;perm:128,data:18;hist:12;perm:scan
64,SCAN-HISTORY,pass,2,2,240,666.75,2731008,8592014848,1052672,24576,1077248,0.3333333333333333,2,3,36,7.993155846085843,609.6,data:262144;perm:1024;hist-scan:4096,data:4096;perm:128;hist:256,data:18;perm:10;hist:scan
64,SCAN-BOTH,pass,1,1,152,696.0,2850816,8591097856,1048576,24576,1073152,0.3333333333333333,1,3,18,7.9923027679551275,636.3428571428572,data:262144;perm-scan:1024;hist-scan:4096,data:4096;perm:128;hist:256,data:18;perm:scan;hist:scan
256,MODULAR-ORAM,leak,3,3,328.0,96.5,395264.0,34369157632,4214784,24576,4239360,0,3,3,54,7.999995828820515,88.22857142857143,data:1048576;perm:1024;hist:4096,data:4096;perm:128;hist:256,data:20;perm:10;hist:12
256,NAIVE-FIXED,pass,4,4,464,183.75,752640,34369157632,4214784,24576,4239616,0.25,4,3,72,7.999995828820515,168.0,data:1048576;perm:1024;hist:4096,data:4096;perm:128;hist:256,data:20;perm:10;hist:12
256,CANONICAL-MODULAR,pass,4,4,464,183.75,752640,34369157632,4214784,24576,4239616,0.25,4,3,72,7.999995828820515,168.0,data:1048576;perm:1024;hist:4096,data:4096;perm:128;hist:256,data:20;perm:10;hist:12
256,UNIFIED-FIXED,pass,3,3,528,528.0,2162688,68719460352,4214784,24576,4239360,0,3,3,54,15.995602861762821,482.74285714285713,unified:1053696,unified:4096,unified:21
256,UNIFIED-PACKED,pass,3.0,3.0,528.0,528.0,2162688.0,68719460352,4195548,24576,4220124,0,3,3,54.0,15.995602861762821,482.74285714285713,packed-pages:1048887,packed:4096,unified-packed:21
256,RANDOMIZED-PARTITION,not_implemented,3.0,6.0,912.0,912.0,3735552.0,68719345664,12586644,24576,12611220,0,6,6,108.0,15.995576166214114,833.8285714285714,packed-pages:1048887,packed:4096,8 partitions:18
256,HYBRID-P,pass,3,3,376,181.0,741376,34368109568,4210688,24576,4366336,0.3333333333333333,3,2,54,7.999751874408885,165.4857142857143,data:1048576;hist:4096,data:4096;hist:256,data:20;hist:12
256,HYBRID-PH,pass,1,1,168,168.0,688128,34359721984,4194304,24576,5398528,0.5,1,1,18,7.997799524056503,153.6,data:1048576,data:4096,data:20
256,SCAN-PERMISSION,pass,3,3,376,213.0,872448,34368240640,4210688,24576,4235264,0.25,3,3,54,7.999782383607408,194.74285714285713,data:1048576;hist:4096;perm-scan:1024,data:4096;hist:256;perm:128,data:20;hist:12;perm:scan
256,SCAN-HISTORY,pass,2,2,256,682.75,2796544,34361818624,4198400,24576,4222976,0.3333333333333333,2,3,36,7.99828755205632,624.2285714285714,data:1048576;perm:1024;hist-scan:4096,data:4096;perm:128;hist:256,data:20;perm:10;hist:scan
256,SCAN-BOTH,pass,1,1,168,712.0,2916352,34360901632,4194304,24576,4218880,0.3333333333333333,1,3,18,7.998074106843213,650.9714285714285,data:1048576;perm-scan:1024;hist-scan:4096,data:4096;perm:128;hist:256,data:20;perm:scan;hist:scan
