seed,variant,probe,metric,value,chance,shuffled
0,V0,A_recipient_identity,accuracy,1.0,0.0625,0.044444444444444446
0,V0,A_recipient_identity,macro_f1,1.0,0.0625,0.044444444444444446
0,V0,B_linkability,accuracy,0.9833333333333333,0.5,0.5316770001635518
0,V0,B_linkability,roc_auc,1.0,0.5,0.5316770001635518
0,V0,C_occupancy,accuracy,1.0,0.25,0.2511111111111111
0,V0,C_occupancy,macro_f1,1.0,0.25,0.2511111111111111
0,V0,D_history_relevant,accuracy,1.0,0.5,0.47318858209904524
0,V0,D_history_relevant,roc_auc,1.0,0.5,0.47318858209904524
0,V1,A_recipient_identity,accuracy,1.0,0.0625,0.044444444444444446
0,V1,A_recipient_identity,macro_f1,1.0,0.0625,0.044444444444444446
0,V1,B_linkability,accuracy,0.9833333333333333,0.5,0.5316670879363239
0,V1,B_linkability,roc_auc,1.0,0.5,0.5316670879363239
0,V1,C_occupancy,accuracy,1.0,0.25,0.2511111111111111
0,V1,C_occupancy,macro_f1,1.0,0.25,0.2511111111111111
0,V1,D_history_relevant,accuracy,1.0,0.5,0.47318858209904524
0,V1,D_history_relevant,roc_auc,1.0,0.5,0.47318858209904524
0,V2,A_recipient_identity,accuracy,0.08444444444444445,0.0625,0.07111111111111111
0,V2,A_recipient_identity,macro_f1,0.08255190354057965,0.0625,0.07111111111111111
0,V2,B_linkability,accuracy,0.5088888888888888,0.5,0.5131436133041913
0,V2,B_linkability,roc_auc,0.5171873070749475,0.5,0.5131436133041913
0,V2,C_occupancy,accuracy,1.0,0.25,0.2561111111111111
0,V2,C_occupancy,macro_f1,1.0,0.25,0.2561111111111111
0,V2,D_history_relevant,accuracy,1.0,0.5,0.5159099975176328
0,V2,D_history_relevant,roc_auc,1.0,0.5,0.5159099975176328
0,V3,A_recipient_identity,accuracy,0.06666666666666667,0.0625,0.05333333333333334
0,V3,A_recipient_identity,macro_f1,0.06652999036120372,0.0625,0.05333333333333334
0,V3,B_linkability,accuracy,0.4911111111111111,0.5,0.4940477075496479
0,V3,B_linkability,roc_auc,0.493512779355476,0.5,0.4940477075496479
0,V3,C_occupancy,accuracy,0.2627777777777778,0.25,0.2577777777777778
0,V3,C_occupancy,macro_f1,0.26255711434124446,0.25,0.2577777777777778
0,V3,D_history_relevant,accuracy,0.49944444444444447,0.5,0.5137437925383254
0,V3,D_history_relevant,roc_auc,0.5032876543209877,0.5,0.5137437925383254
0,V2,C_ablation_count,accuracy,0.6405555555555555,0.25,0.25055555555555553
0,V2,C_ablation_store,accuracy,1.0,0.25,0.26666666666666666
0,V2,C_ablation_order,accuracy,1.0,0.25,0.26055555555555554
0,V2,C_ablation_full,accuracy,1.0,0.25,0.2561111111111111
1,V0,A_recipient_identity,accuracy,1.0,0.0625,0.09555555555555556
1,V0,A_recipient_identity,macro_f1,1.0,0.0625,0.09555555555555556
1,V0,B_linkability,accuracy,0.9877777777777778,0.5,0.4798370169156686
1,V0,B_linkability,roc_auc,1.0,0.5,0.4798370169156686
1,V0,C_occupancy,accuracy,1.0,0.25,0.24944444444444444
1,V0,C_occupancy,macro_f1,1.0,0.25,0.24944444444444444
1,V0,D_history_relevant,accuracy,1.0,0.5,0.46633693242034996
1,V0,D_history_relevant,roc_auc,1.0,0.5,0.46633693242034996
1,V1,A_recipient_identity,accuracy,1.0,0.0625,0.09555555555555556
1,V1,A_recipient_identity,macro_f1,1.0,0.0625,0.09555555555555556
1,V1,B_linkability,accuracy,0.9877777777777778,0.5,0.4798370169156686
1,V1,B_linkability,roc_auc,1.0,0.5,0.4798370169156686
1,V1,C_occupancy,accuracy,1.0,0.25,0.24944444444444444
1,V1,C_occupancy,macro_f1,1.0,0.25,0.24944444444444444
1,V1,D_history_relevant,accuracy,1.0,0.5,0.46633693242034996
1,V1,D_history_relevant,roc_auc,1.0,0.5,0.46633693242034996
1,V2,A_recipient_identity,accuracy,0.06222222222222222,0.0625,0.07333333333333333
1,V2,A_recipient_identity,macro_f1,0.05819252036850893,0.0625,0.07333333333333333
1,V2,B_linkability,accuracy,0.5233333333333333,0.5,0.4776021731077911
1,V2,B_linkability,roc_auc,0.5293056246889,0.5,0.4776021731077911
1,V2,C_occupancy,accuracy,1.0,0.25,0.25722222222222224
1,V2,C_occupancy,macro_f1,1.0,0.25,0.25722222222222224
1,V2,D_history_relevant,accuracy,1.0,0.5,0.4714189784957539
1,V2,D_history_relevant,roc_auc,1.0,0.5,0.4714189784957539
1,V3,A_recipient_identity,accuracy,0.08222222222222222,0.0625,0.06666666666666667
1,V3,A_recipient_identity,macro_f1,0.079000313551474,0.0625,0.06666666666666667
1,V3,B_linkability,accuracy,0.5111111111111111,0.5,0.4804346215582171
1,V3,B_linkability,roc_auc,0.5041463414634146,0.5,0.4804346215582171
1,V3,C_occupancy,accuracy,0.2588888888888889,0.25,0.2477777777777778
1,V3,C_occupancy,macro_f1,0.25869483454735887,0.25,0.2477777777777778
1,V3,D_history_relevant,accuracy,0.49777777777777776,0.5,0.4888039167432364
1,V3,D_history_relevant,roc_auc,0.4914318599458594,0.5,0.4888039167432364
1,V2,C_ablation_count,accuracy,0.6027777777777777,0.25,0.24444444444444444
1,V2,C_ablation_store,accuracy,1.0,0.25,0.24944444444444444
1,V2,C_ablation_order,accuracy,1.0,0.25,0.26166666666666666
1,V2,C_ablation_full,accuracy,1.0,0.25,0.25722222222222224
2,V0,A_recipient_identity,accuracy,1.0,0.0625,0.05333333333333334
2,V0,A_recipient_identity,macro_f1,1.0,0.0625,0.05333333333333334
2,V0,B_linkability,accuracy,0.9966666666666667,0.5,0.4667802258657859
2,V0,B_linkability,roc_auc,0.9999851805014919,0.5,0.4667802258657859
2,V0,C_occupancy,accuracy,1.0,0.25,0.2727777777777778
2,V0,C_occupancy,macro_f1,1.0,0.25,0.2727777777777778
2,V0,D_history_relevant,accuracy,1.0,0.5,0.5365312129517339
2,V0,D_history_relevant,roc_auc,1.0,0.5,0.5365312129517339
2,V1,A_recipient_identity,accuracy,1.0,0.0625,0.05333333333333334
2,V1,A_recipient_identity,macro_f1,1.0,0.0625,0.05333333333333334
2,V1,B_linkability,accuracy,0.9966666666666667,0.5,0.4667802258657859
2,V1,B_linkability,roc_auc,0.9999851805014919,0.5,0.4667802258657859
2,V1,C_occupancy,accuracy,1.0,0.25,0.2727777777777778
2,V1,C_occupancy,macro_f1,1.0,0.25,0.2727777777777778
2,V1,D_history_relevant,accuracy,1.0,0.5,0.5365312129517339
2,V1,D_history_relevant,roc_auc,1.0,0.5,0.5365312129517339
2,V2,A_recipient_identity,accuracy,0.044444444444444446,0.0625,0.04888888888888889
2,V2,A_recipient_identity,macro_f1,0.04049602115712759,0.0625,0.04888888888888889
2,V2,B_linkability,accuracy,0.49444444444444446,0.5,0.4800760467554044
2,V2,B_linkability,roc_auc,0.49366466438775713,0.5,0.4800760467554044
2,V2,C_occupancy,accuracy,1.0,0.25,0.24888888888888888
2,V2,C_occupancy,macro_f1,1.0,0.25,0.24888888888888888
2,V2,D_history_relevant,accuracy,1.0,0.5,0.49359200208675613
2,V2,D_history_relevant,roc_auc,1.0,0.5,0.49359200208675613
2,V3,A_recipient_identity,accuracy,0.044444444444444446,0.0625,0.05333333333333334
2,V3,A_recipient_identity,macro_f1,0.041386354113003274,0.0625,0.05333333333333334
2,V3,B_linkability,accuracy,0.4911111111111111,0.5,0.500951820573169
2,V3,B_linkability,roc_auc,0.4891027287636586,0.5,0.500951820573169
2,V3,C_occupancy,accuracy,0.24833333333333332,0.25,0.24833333333333332
2,V3,C_occupancy,macro_f1,0.24815397609370268,0.25,0.24833333333333332
2,V3,D_history_relevant,accuracy,0.5077777777777778,0.5,0.49463414392930743
2,V3,D_history_relevant,roc_auc,0.5127740326018357,0.5,0.49463414392930743
2,V2,C_ablation_count,accuracy,0.6433333333333333,0.25,0.25222222222222224
2,V2,C_ablation_store,accuracy,1.0,0.25,0.24388888888888888
2,V2,C_ablation_order,accuracy,1.0,0.25,0.2461111111111111
2,V2,C_ablation_full,accuracy,1.0,0.25,0.24888888888888888
