seed,episode_id,scenario,task,entity,policy_profile,private_branch,label_derived_after_capture
0,0,AUTHORIZATION,SEND_MESSAGE,60,0,0,True
0,1,AUTHORIZATION,SEND_MESSAGE,60,0,1,True
0,2,AUTHORIZATION,SEND_MESSAGE,9,2,0,True
0,3,AUTHORIZATION,SEND_MESSAGE,9,2,1,True
0,4,AUTHORIZATION,SEND_MESSAGE,19,1,0,True
0,5,AUTHORIZATION,SEND_MESSAGE,19,1,1,True
0,6,AUTHORIZATION,SEND_MESSAGE,16,0,0,True
0,7,AUTHORIZATION,SEND_MESSAGE,16,0,1,True
0,8,AUTHORIZATION,SEND_MESSAGE,50,0,0,True
0,9,AUTHORIZATION,SEND_MESSAGE,50,0,1,True
0,10,AUTHORIZATION,SEND_MESSAGE,22,0,0,True
0,11,AUTHORIZATION,SEND_MESSAGE,22,0,1,True
0,12,AUTHORIZATION,SEND_MESSAGE,76,0,0,True
0,13,AUTHORIZATION,SEND_MESSAGE,76,0,1,True
0,14,AUTHORIZATION,SEND_MESSAGE,27,0,0,True
0,15,AUTHORIZATION,SEND_MESSAGE,27,0,1,True
0,16,AUTHORIZATION,SEND_MESSAGE,11,1,0,True
0,17,AUTHORIZATION,SEND_MESSAGE,11,1,1,True
0,18,AUTHORIZATION,SEND_MESSAGE,4,3,0,True
0,19,AUTHORIZATION,SEND_MESSAGE,4,3,1,True
0,20,AUTHORIZATION,SEND_MESSAGE,62,1,0,True
0,21,AUTHORIZATION,SEND_MESSAGE,62,1,1,True
0,22,AUTHORIZATION,SEND_MESSAGE,15,3,0,True
0,23,AUTHORIZATION,SEND_MESSAGE,15,3,1,True
0,24,AUTHORIZATION,SEND_MESSAGE,63,0,0,True
0,25,AUTHORIZATION,SEND_MESSAGE,63,0,1,True
0,26,AUTHORIZATION,SEND_MESSAGE,78,2,0,True
0,27,AUTHORIZATION,SEND_MESSAGE,78,2,1,True
0,28,AUTHORIZATION,SEND_MESSAGE,69,0,0,True
0,29,AUTHORIZATION,SEND_MESSAGE,69,0,1,True
0,30,AUTHORIZATION,SEND_MESSAGE,81,1,0,True
0,31,AUTHORIZATION,SEND_MESSAGE,81,1,1,True
0,32,AUTHORIZATION,SEND_MESSAGE,93,2,0,True
0,33,AUTHORIZATION,SEND_MESSAGE,93,2,1,True
0,34,AUTHORIZATION,SEND_MESSAGE,83,0,0,True
0,35,AUTHORIZATION,SEND_MESSAGE,83,0,1,True
0,36,AUTHORIZATION,SEND_MESSAGE,68,2,0,True
0,37,AUTHORIZATION,SEND_MESSAGE,68,2,1,True
0,38,AUTHORIZATION,SEND_MESSAGE,14,1,0,True
0,39,AUTHORIZATION,SEND_MESSAGE,14,1,1,True
0,40,AUTHORIZATION,SEND_MESSAGE,37,2,0,True
0,41,AUTHORIZATION,SEND_MESSAGE,37,2,1,True
0,42,AUTHORIZATION,SEND_MESSAGE,67,3,0,True
0,43,AUTHORIZATION,SEND_MESSAGE,67,3,1,True
0,44,AUTHORIZATION,SEND_MESSAGE,59,2,0,True
0,45,AUTHORIZATION,SEND_MESSAGE,59,2,1,True
0,46,AUTHORIZATION,SEND_MESSAGE,22,2,0,True
0,47,AUTHORIZATION,SEND_MESSAGE,22,2,1,True
0,48,AUTHORIZATION,SEND_MESSAGE,21,3,0,True
0,49,AUTHORIZATION,SEND_MESSAGE,21,3,1,True
0,50,AUTHORIZATION,SEND_MESSAGE,21,1,0,True
0,51,AUTHORIZATION,SEND_MESSAGE,21,1,1,True
0,52,AUTHORIZATION,SEND_MESSAGE,57,3,0,True
0,53,AUTHORIZATION,SEND_MESSAGE,57,3,1,True
0,54,AUTHORIZATION,SEND_MESSAGE,45,3,0,True
0,55,AUTHORIZATION,SEND_MESSAGE,45,3,1,True
0,56,AUTHORIZATION,SEND_MESSAGE,58,0,0,True
0,57,AUTHORIZATION,SEND_MESSAGE,58,0,1,True
0,58,AUTHORIZATION,SEND_MESSAGE,92,3,0,True
0,59,AUTHORIZATION,SEND_MESSAGE,92,3,1,True
0,60,AUTHORIZATION,SEND_MESSAGE,73,0,0,True
0,61,AUTHORIZATION,SEND_MESSAGE,73,0,1,True
0,62,AUTHORIZATION,SEND_MESSAGE,82,1,0,True
0,63,AUTHORIZATION,SEND_MESSAGE,82,1,1,True
0,64,AUTHORIZATION,SEND_MESSAGE,46,3,0,True
0,65,AUTHORIZATION,SEND_MESSAGE,46,3,1,True
0,66,AUTHORIZATION,SEND_MESSAGE,29,3,0,True
0,67,AUTHORIZATION,SEND_MESSAGE,29,3,1,True
0,68,AUTHORIZATION,SEND_MESSAGE,66,0,0,True
0,69,AUTHORIZATION,SEND_MESSAGE,66,0,1,True
0,70,AUTHORIZATION,SEND_MESSAGE,52,3,0,True
0,71,AUTHORIZATION,SEND_MESSAGE,52,3,1,True
0,72,AUTHORIZATION,SEND_MESSAGE,38,0,0,True
0,73,AUTHORIZATION,SEND_MESSAGE,38,0,1,True
0,74,AUTHORIZATION,SEND_MESSAGE,21,0,0,True
0,75,AUTHORIZATION,SEND_MESSAGE,21,0,1,True
0,76,AUTHORIZATION,SEND_MESSAGE,71,1,0,True
0,77,AUTHORIZATION,SEND_MESSAGE,71,1,1,True
0,78,AUTHORIZATION,SEND_MESSAGE,91,3,0,True
0,79,AUTHORIZATION,SEND_MESSAGE,91,3,1,True
0,80,AUTHORIZATION,SHARE_DOCUMENT,60,1,0,True
0,81,AUTHORIZATION,SHARE_DOCUMENT,60,1,1,True
0,82,AUTHORIZATION,SHARE_DOCUMENT,82,2,0,True
0,83,AUTHORIZATION,SHARE_DOCUMENT,82,2,1,True
0,84,AUTHORIZATION,SHARE_DOCUMENT,2,3,0,True
0,85,AUTHORIZATION,SHARE_DOCUMENT,2,3,1,True
0,86,AUTHORIZATION,SHARE_DOCUMENT,80,2,0,True
0,87,AUTHORIZATION,SHARE_DOCUMENT,80,2,1,True
0,88,AUTHORIZATION,SHARE_DOCUMENT,77,0,0,True
0,89,AUTHORIZATION,SHARE_DOCUMENT,77,0,1,True
0,90,AUTHORIZATION,SHARE_DOCUMENT,33,0,0,True
0,91,AUTHORIZATION,SHARE_DOCUMENT,33,0,1,True
0,92,AUTHORIZATION,SHARE_DOCUMENT,65,1,0,True
0,93,AUTHORIZATION,SHARE_DOCUMENT,65,1,1,True
0,94,AUTHORIZATION,SHARE_DOCUMENT,7,1,0,True
0,95,AUTHORIZATION,SHARE_DOCUMENT,7,1,1,True
0,96,AUTHORIZATION,SHARE_DOCUMENT,39,0,0,True
0,97,AUTHORIZATION,SHARE_DOCUMENT,39,0,1,True
0,98,AUTHORIZATION,SHARE_DOCUMENT,59,1,0,True
0,99,AUTHORIZATION,SHARE_DOCUMENT,59,1,1,True
0,100,AUTHORIZATION,SHARE_DOCUMENT,78,3,0,True
0,101,AUTHORIZATION,SHARE_DOCUMENT,78,3,1,True
0,102,AUTHORIZATION,SHARE_DOCUMENT,71,2,0,True
0,103,AUTHORIZATION,SHARE_DOCUMENT,71,2,1,True
0,104,AUTHORIZATION,SHARE_DOCUMENT,17,3,0,True
0,105,AUTHORIZATION,SHARE_DOCUMENT,17,3,1,True
0,106,AUTHORIZATION,SHARE_DOCUMENT,90,0,0,True
0,107,AUTHORIZATION,SHARE_DOCUMENT,90,0,1,True
0,108,AUTHORIZATION,SHARE_DOCUMENT,47,0,0,True
0,109,AUTHORIZATION,SHARE_DOCUMENT,47,0,1,True
0,110,AUTHORIZATION,SHARE_DOCUMENT,74,2,0,True
0,111,AUTHORIZATION,SHARE_DOCUMENT,74,2,1,True
0,112,AUTHORIZATION,SHARE_DOCUMENT,2,2,0,True
0,113,AUTHORIZATION,SHARE_DOCUMENT,2,2,1,True
0,114,AUTHORIZATION,SHARE_DOCUMENT,12,2,0,True
0,115,AUTHORIZATION,SHARE_DOCUMENT,12,2,1,True
0,116,AUTHORIZATION,SHARE_DOCUMENT,50,3,0,True
0,117,AUTHORIZATION,SHARE_DOCUMENT,50,3,1,True
0,118,AUTHORIZATION,SHARE_DOCUMENT,66,2,0,True
0,119,AUTHORIZATION,SHARE_DOCUMENT,66,2,1,True
0,120,AUTHORIZATION,SHARE_DOCUMENT,0,0,0,True
0,121,AUTHORIZATION,SHARE_DOCUMENT,0,0,1,True
0,122,AUTHORIZATION,SHARE_DOCUMENT,90,1,0,True
0,123,AUTHORIZATION,SHARE_DOCUMENT,90,1,1,True
0,124,AUTHORIZATION,SHARE_DOCUMENT,63,1,0,True
0,125,AUTHORIZATION,SHARE_DOCUMENT,63,1,1,True
0,126,AUTHORIZATION,SHARE_DOCUMENT,30,0,0,True
0,127,AUTHORIZATION,SHARE_DOCUMENT,30,0,1,True
0,128,AUTHORIZATION,SHARE_DOCUMENT,87,1,0,True
0,129,AUTHORIZATION,SHARE_DOCUMENT,87,1,1,True
0,130,AUTHORIZATION,SHARE_DOCUMENT,91,2,0,True
0,131,AUTHORIZATION,SHARE_DOCUMENT,91,2,1,True
0,132,AUTHORIZATION,SHARE_DOCUMENT,88,2,0,True
0,133,AUTHORIZATION,SHARE_DOCUMENT,88,2,1,True
0,134,AUTHORIZATION,SHARE_DOCUMENT,24,3,0,True
0,135,AUTHORIZATION,SHARE_DOCUMENT,24,3,1,True
0,136,AUTHORIZATION,SHARE_DOCUMENT,36,0,0,True
0,137,AUTHORIZATION,SHARE_DOCUMENT,36,0,1,True
0,138,AUTHORIZATION,SHARE_DOCUMENT,57,2,0,True
0,139,AUTHORIZATION,SHARE_DOCUMENT,57,2,1,True
0,140,AUTHORIZATION,SHARE_DOCUMENT,2,3,0,True
0,141,AUTHORIZATION,SHARE_DOCUMENT,2,3,1,True
0,142,AUTHORIZATION,SHARE_DOCUMENT,17,1,0,True
0,143,AUTHORIZATION,SHARE_DOCUMENT,17,1,1,True
0,144,AUTHORIZATION,SHARE_DOCUMENT,28,1,0,True
0,145,AUTHORIZATION,SHARE_DOCUMENT,28,1,1,True
0,146,AUTHORIZATION,SHARE_DOCUMENT,87,0,0,True
0,147,AUTHORIZATION,SHARE_DOCUMENT,87,0,1,True
0,148,AUTHORIZATION,SHARE_DOCUMENT,54,2,0,True
0,149,AUTHORIZATION,SHARE_DOCUMENT,54,2,1,True
0,150,AUTHORIZATION,SHARE_DOCUMENT,18,3,0,True
0,151,AUTHORIZATION,SHARE_DOCUMENT,18,3,1,True
0,152,AUTHORIZATION,SHARE_DOCUMENT,31,3,0,True
0,153,AUTHORIZATION,SHARE_DOCUMENT,31,3,1,True
0,154,AUTHORIZATION,SHARE_DOCUMENT,25,2,0,True
0,155,AUTHORIZATION,SHARE_DOCUMENT,25,2,1,True
0,156,AUTHORIZATION,SHARE_DOCUMENT,62,1,0,True
0,157,AUTHORIZATION,SHARE_DOCUMENT,62,1,1,True
0,158,AUTHORIZATION,SHARE_DOCUMENT,65,0,0,True
0,159,AUTHORIZATION,SHARE_DOCUMENT,65,0,1,True
0,160,PROVENANCE,SEND_MESSAGE,94,0,0,True
0,161,PROVENANCE,SEND_MESSAGE,94,0,1,True
0,162,PROVENANCE,SEND_MESSAGE,5,1,0,True
0,163,PROVENANCE,SEND_MESSAGE,5,1,1,True
0,164,PROVENANCE,SEND_MESSAGE,33,0,0,True
0,165,PROVENANCE,SEND_MESSAGE,33,0,1,True
0,166,PROVENANCE,SEND_MESSAGE,2,1,0,True
0,167,PROVENANCE,SEND_MESSAGE,2,1,1,True
0,168,PROVENANCE,SEND_MESSAGE,14,3,0,True
0,169,PROVENANCE,SEND_MESSAGE,14,3,1,True
0,170,PROVENANCE,SEND_MESSAGE,15,2,0,True
0,171,PROVENANCE,SEND_MESSAGE,15,2,1,True
0,172,PROVENANCE,SEND_MESSAGE,86,3,0,True
0,173,PROVENANCE,SEND_MESSAGE,86,3,1,True
0,174,PROVENANCE,SEND_MESSAGE,24,2,0,True
0,175,PROVENANCE,SEND_MESSAGE,24,2,1,True
0,176,PROVENANCE,SEND_MESSAGE,9,2,0,True
0,177,PROVENANCE,SEND_MESSAGE,9,2,1,True
0,178,PROVENANCE,SEND_MESSAGE,39,1,0,True
0,179,PROVENANCE,SEND_MESSAGE,39,1,1,True
0,180,PROVENANCE,SEND_MESSAGE,18,1,0,True
0,181,PROVENANCE,SEND_MESSAGE,18,1,1,True
0,182,PROVENANCE,SEND_MESSAGE,6,3,0,True
0,183,PROVENANCE,SEND_MESSAGE,6,3,1,True
0,184,PROVENANCE,SEND_MESSAGE,20,0,0,True
0,185,PROVENANCE,SEND_MESSAGE,20,0,1,True
0,186,PROVENANCE,SEND_MESSAGE,47,3,0,True
0,187,PROVENANCE,SEND_MESSAGE,47,3,1,True
0,188,PROVENANCE,SEND_MESSAGE,86,1,0,True
0,189,PROVENANCE,SEND_MESSAGE,86,1,1,True
0,190,PROVENANCE,SEND_MESSAGE,53,3,0,True
0,191,PROVENANCE,SEND_MESSAGE,53,3,1,True
0,192,PROVENANCE,SEND_MESSAGE,75,0,0,True
0,193,PROVENANCE,SEND_MESSAGE,75,0,1,True
0,194,PROVENANCE,SEND_MESSAGE,20,0,0,True
0,195,PROVENANCE,SEND_MESSAGE,20,0,1,True
0,196,PROVENANCE,SEND_MESSAGE,43,3,0,True
0,197,PROVENANCE,SEND_MESSAGE,43,3,1,True
0,198,PROVENANCE,SEND_MESSAGE,29,0,0,True
0,199,PROVENANCE,SEND_MESSAGE,29,0,1,True
0,200,PROVENANCE,SEND_MESSAGE,29,1,0,True
0,201,PROVENANCE,SEND_MESSAGE,29,1,1,True
0,202,PROVENANCE,SEND_MESSAGE,41,3,0,True
0,203,PROVENANCE,SEND_MESSAGE,41,3,1,True
0,204,PROVENANCE,SEND_MESSAGE,77,0,0,True
0,205,PROVENANCE,SEND_MESSAGE,77,0,1,True
0,206,PROVENANCE,SEND_MESSAGE,13,3,0,True
0,207,PROVENANCE,SEND_MESSAGE,13,3,1,True
0,208,PROVENANCE,SEND_MESSAGE,4,3,0,True
0,209,PROVENANCE,SEND_MESSAGE,4,3,1,True
0,210,PROVENANCE,SEND_MESSAGE,74,0,0,True
0,211,PROVENANCE,SEND_MESSAGE,74,0,1,True
0,212,PROVENANCE,SEND_MESSAGE,8,3,0,True
0,213,PROVENANCE,SEND_MESSAGE,8,3,1,True
0,214,PROVENANCE,SEND_MESSAGE,25,0,0,True
0,215,PROVENANCE,SEND_MESSAGE,25,0,1,True
0,216,PROVENANCE,SEND_MESSAGE,8,2,0,True
0,217,PROVENANCE,SEND_MESSAGE,8,2,1,True
0,218,PROVENANCE,SEND_MESSAGE,6,0,0,True
0,219,PROVENANCE,SEND_MESSAGE,6,0,1,True
0,220,PROVENANCE,SEND_MESSAGE,92,1,0,True
0,221,PROVENANCE,SEND_MESSAGE,92,1,1,True
0,222,PROVENANCE,SEND_MESSAGE,68,1,0,True
0,223,PROVENANCE,SEND_MESSAGE,68,1,1,True
0,224,PROVENANCE,SEND_MESSAGE,78,1,0,True
0,225,PROVENANCE,SEND_MESSAGE,78,1,1,True
0,226,PROVENANCE,SEND_MESSAGE,23,0,0,True
0,227,PROVENANCE,SEND_MESSAGE,23,0,1,True
0,228,PROVENANCE,SEND_MESSAGE,19,2,0,True
0,229,PROVENANCE,SEND_MESSAGE,19,2,1,True
0,230,PROVENANCE,SEND_MESSAGE,71,1,0,True
0,231,PROVENANCE,SEND_MESSAGE,71,1,1,True
0,232,PROVENANCE,SEND_MESSAGE,66,3,0,True
0,233,PROVENANCE,SEND_MESSAGE,66,3,1,True
0,234,PROVENANCE,SEND_MESSAGE,51,1,0,True
0,235,PROVENANCE,SEND_MESSAGE,51,1,1,True
0,236,PROVENANCE,SEND_MESSAGE,5,1,0,True
0,237,PROVENANCE,SEND_MESSAGE,5,1,1,True
0,238,PROVENANCE,SEND_MESSAGE,9,1,0,True
0,239,PROVENANCE,SEND_MESSAGE,9,1,1,True
0,240,PROVENANCE,SHARE_DOCUMENT,12,1,0,True
0,241,PROVENANCE,SHARE_DOCUMENT,12,1,1,True
0,242,PROVENANCE,SHARE_DOCUMENT,5,0,0,True
0,243,PROVENANCE,SHARE_DOCUMENT,5,0,1,True
0,244,PROVENANCE,SHARE_DOCUMENT,65,2,0,True
0,245,PROVENANCE,SHARE_DOCUMENT,65,2,1,True
0,246,PROVENANCE,SHARE_DOCUMENT,70,2,0,True
0,247,PROVENANCE,SHARE_DOCUMENT,70,2,1,True
0,248,PROVENANCE,SHARE_DOCUMENT,1,0,0,True
0,249,PROVENANCE,SHARE_DOCUMENT,1,0,1,True
0,250,PROVENANCE,SHARE_DOCUMENT,65,0,0,True
0,251,PROVENANCE,SHARE_DOCUMENT,65,0,1,True
0,252,PROVENANCE,SHARE_DOCUMENT,14,3,0,True
0,253,PROVENANCE,SHARE_DOCUMENT,14,3,1,True
0,254,PROVENANCE,SHARE_DOCUMENT,15,3,0,True
0,255,PROVENANCE,SHARE_DOCUMENT,15,3,1,True
0,256,PROVENANCE,SHARE_DOCUMENT,7,2,0,True
0,257,PROVENANCE,SHARE_DOCUMENT,7,2,1,True
0,258,PROVENANCE,SHARE_DOCUMENT,59,2,0,True
0,259,PROVENANCE,SHARE_DOCUMENT,59,2,1,True
0,260,PROVENANCE,SHARE_DOCUMENT,16,2,0,True
0,261,PROVENANCE,SHARE_DOCUMENT,16,2,1,True
0,262,PROVENANCE,SHARE_DOCUMENT,36,2,0,True
0,263,PROVENANCE,SHARE_DOCUMENT,36,2,1,True
0,264,PROVENANCE,SHARE_DOCUMENT,17,1,0,True
0,265,PROVENANCE,SHARE_DOCUMENT,17,1,1,True
0,266,PROVENANCE,SHARE_DOCUMENT,84,3,0,True
0,267,PROVENANCE,SHARE_DOCUMENT,84,3,1,True
0,268,PROVENANCE,SHARE_DOCUMENT,9,2,0,True
0,269,PROVENANCE,SHARE_DOCUMENT,9,2,1,True
0,270,PROVENANCE,SHARE_DOCUMENT,82,1,0,True
0,271,PROVENANCE,SHARE_DOCUMENT,82,1,1,True
0,272,PROVENANCE,SHARE_DOCUMENT,29,2,0,True
0,273,PROVENANCE,SHARE_DOCUMENT,29,2,1,True
0,274,PROVENANCE,SHARE_DOCUMENT,65,3,0,True
0,275,PROVENANCE,SHARE_DOCUMENT,65,3,1,True
0,276,PROVENANCE,SHARE_DOCUMENT,73,3,0,True
0,277,PROVENANCE,SHARE_DOCUMENT,73,3,1,True
0,278,PROVENANCE,SHARE_DOCUMENT,25,1,0,True
0,279,PROVENANCE,SHARE_DOCUMENT,25,1,1,True
0,280,PROVENANCE,SHARE_DOCUMENT,8,3,0,True
0,281,PROVENANCE,SHARE_DOCUMENT,8,3,1,True
0,282,PROVENANCE,SHARE_DOCUMENT,94,3,0,True
0,283,PROVENANCE,SHARE_DOCUMENT,94,3,1,True
0,284,PROVENANCE,SHARE_DOCUMENT,45,3,0,True
0,285,PROVENANCE,SHARE_DOCUMENT,45,3,1,True
0,286,PROVENANCE,SHARE_DOCUMENT,72,0,0,True
0,287,PROVENANCE,SHARE_DOCUMENT,72,0,1,True
0,288,PROVENANCE,SHARE_DOCUMENT,47,2,0,True
0,289,PROVENANCE,SHARE_DOCUMENT,47,2,1,True
0,290,PROVENANCE,SHARE_DOCUMENT,19,3,0,True
0,291,PROVENANCE,SHARE_DOCUMENT,19,3,1,True
0,292,PROVENANCE,SHARE_DOCUMENT,50,1,0,True
0,293,PROVENANCE,SHARE_DOCUMENT,50,1,1,True
0,294,PROVENANCE,SHARE_DOCUMENT,53,1,0,True
0,295,PROVENANCE,SHARE_DOCUMENT,53,1,1,True
0,296,PROVENANCE,SHARE_DOCUMENT,21,0,0,True
0,297,PROVENANCE,SHARE_DOCUMENT,21,0,1,True
0,298,PROVENANCE,SHARE_DOCUMENT,86,2,0,True
0,299,PROVENANCE,SHARE_DOCUMENT,86,2,1,True
0,300,PROVENANCE,SHARE_DOCUMENT,78,3,0,True
0,301,PROVENANCE,SHARE_DOCUMENT,78,3,1,True
0,302,PROVENANCE,SHARE_DOCUMENT,57,3,0,True
0,303,PROVENANCE,SHARE_DOCUMENT,57,3,1,True
0,304,PROVENANCE,SHARE_DOCUMENT,40,3,0,True
0,305,PROVENANCE,SHARE_DOCUMENT,40,3,1,True
0,306,PROVENANCE,SHARE_DOCUMENT,40,0,0,True
0,307,PROVENANCE,SHARE_DOCUMENT,40,0,1,True
0,308,PROVENANCE,SHARE_DOCUMENT,78,3,0,True
0,309,PROVENANCE,SHARE_DOCUMENT,78,3,1,True
0,310,PROVENANCE,SHARE_DOCUMENT,62,0,0,True
0,311,PROVENANCE,SHARE_DOCUMENT,62,0,1,True
0,312,PROVENANCE,SHARE_DOCUMENT,53,2,0,True
0,313,PROVENANCE,SHARE_DOCUMENT,53,2,1,True
0,314,PROVENANCE,SHARE_DOCUMENT,76,0,0,True
0,315,PROVENANCE,SHARE_DOCUMENT,76,0,1,True
0,316,PROVENANCE,SHARE_DOCUMENT,56,1,0,True
0,317,PROVENANCE,SHARE_DOCUMENT,56,1,1,True
0,318,PROVENANCE,SHARE_DOCUMENT,42,2,0,True
0,319,PROVENANCE,SHARE_DOCUMENT,42,2,1,True
0,320,EXTRA_VERIFICATION,SEND_MESSAGE,14,1,0,True
0,321,EXTRA_VERIFICATION,SEND_MESSAGE,14,1,1,True
0,322,EXTRA_VERIFICATION,SEND_MESSAGE,41,0,0,True
0,323,EXTRA_VERIFICATION,SEND_MESSAGE,41,0,1,True
0,324,EXTRA_VERIFICATION,SEND_MESSAGE,24,0,0,True
0,325,EXTRA_VERIFICATION,SEND_MESSAGE,24,0,1,True
0,326,EXTRA_VERIFICATION,SEND_MESSAGE,50,3,0,True
0,327,EXTRA_VERIFICATION,SEND_MESSAGE,50,3,1,True
0,328,EXTRA_VERIFICATION,SEND_MESSAGE,72,3,0,True
0,329,EXTRA_VERIFICATION,SEND_MESSAGE,72,3,1,True
0,330,EXTRA_VERIFICATION,SEND_MESSAGE,75,3,0,True
0,331,EXTRA_VERIFICATION,SEND_MESSAGE,75,3,1,True
0,332,EXTRA_VERIFICATION,SEND_MESSAGE,42,3,0,True
0,333,EXTRA_VERIFICATION,SEND_MESSAGE,42,3,1,True
0,334,EXTRA_VERIFICATION,SEND_MESSAGE,56,1,0,True
0,335,EXTRA_VERIFICATION,SEND_MESSAGE,56,1,1,True
0,336,EXTRA_VERIFICATION,SEND_MESSAGE,48,3,0,True
0,337,EXTRA_VERIFICATION,SEND_MESSAGE,48,3,1,True
0,338,EXTRA_VERIFICATION,SEND_MESSAGE,3,3,0,True
0,339,EXTRA_VERIFICATION,SEND_MESSAGE,3,3,1,True
0,340,EXTRA_VERIFICATION,SEND_MESSAGE,91,3,0,True
0,341,EXTRA_VERIFICATION,SEND_MESSAGE,91,3,1,True
0,342,EXTRA_VERIFICATION,SEND_MESSAGE,92,3,0,True
0,343,EXTRA_VERIFICATION,SEND_MESSAGE,92,3,1,True
0,344,EXTRA_VERIFICATION,SEND_MESSAGE,63,2,0,True
0,345,EXTRA_VERIFICATION,SEND_MESSAGE,63,2,1,True
0,346,EXTRA_VERIFICATION,SEND_MESSAGE,24,2,0,True
0,347,EXTRA_VERIFICATION,SEND_MESSAGE,24,2,1,True
0,348,EXTRA_VERIFICATION,SEND_MESSAGE,1,1,0,True
0,349,EXTRA_VERIFICATION,SEND_MESSAGE,1,1,1,True
0,350,EXTRA_VERIFICATION,SEND_MESSAGE,53,3,0,True
0,351,EXTRA_VERIFICATION,SEND_MESSAGE,53,3,1,True
0,352,EXTRA_VERIFICATION,SEND_MESSAGE,85,3,0,True
0,353,EXTRA_VERIFICATION,SEND_MESSAGE,85,3,1,True
0,354,EXTRA_VERIFICATION,SEND_MESSAGE,53,1,0,True
0,355,EXTRA_VERIFICATION,SEND_MESSAGE,53,1,1,True
0,356,EXTRA_VERIFICATION,SEND_MESSAGE,87,2,0,True
0,357,EXTRA_VERIFICATION,SEND_MESSAGE,87,2,1,True
0,358,EXTRA_VERIFICATION,SEND_MESSAGE,23,1,0,True
0,359,EXTRA_VERIFICATION,SEND_MESSAGE,23,1,1,True
0,360,EXTRA_VERIFICATION,SEND_MESSAGE,86,0,0,True
0,361,EXTRA_VERIFICATION,SEND_MESSAGE,86,0,1,True
0,362,EXTRA_VERIFICATION,SEND_MESSAGE,74,2,0,True
0,363,EXTRA_VERIFICATION,SEND_MESSAGE,74,2,1,True
0,364,EXTRA_VERIFICATION,SEND_MESSAGE,64,0,0,True
0,365,EXTRA_VERIFICATION,SEND_MESSAGE,64,0,1,True
0,366,EXTRA_VERIFICATION,SEND_MESSAGE,7,0,0,True
0,367,EXTRA_VERIFICATION,SEND_MESSAGE,7,0,1,True
0,368,EXTRA_VERIFICATION,SEND_MESSAGE,43,2,0,True
0,369,EXTRA_VERIFICATION,SEND_MESSAGE,43,2,1,True
0,370,EXTRA_VERIFICATION,SEND_MESSAGE,12,3,0,True
0,371,EXTRA_VERIFICATION,SEND_MESSAGE,12,3,1,True
0,372,EXTRA_VERIFICATION,SEND_MESSAGE,43,3,0,True
0,373,EXTRA_VERIFICATION,SEND_MESSAGE,43,3,1,True
0,374,EXTRA_VERIFICATION,SEND_MESSAGE,73,0,0,True
0,375,EXTRA_VERIFICATION,SEND_MESSAGE,73,0,1,True
0,376,EXTRA_VERIFICATION,SEND_MESSAGE,39,3,0,True
0,377,EXTRA_VERIFICATION,SEND_MESSAGE,39,3,1,True
0,378,EXTRA_VERIFICATION,SEND_MESSAGE,53,3,0,True
0,379,EXTRA_VERIFICATION,SEND_MESSAGE,53,3,1,True
0,380,EXTRA_VERIFICATION,SEND_MESSAGE,80,0,0,True
0,381,EXTRA_VERIFICATION,SEND_MESSAGE,80,0,1,True
0,382,EXTRA_VERIFICATION,SEND_MESSAGE,59,3,0,True
0,383,EXTRA_VERIFICATION,SEND_MESSAGE,59,3,1,True
0,384,EXTRA_VERIFICATION,SEND_MESSAGE,66,1,0,True
0,385,EXTRA_VERIFICATION,SEND_MESSAGE,66,1,1,True
0,386,EXTRA_VERIFICATION,SEND_MESSAGE,54,0,0,True
0,387,EXTRA_VERIFICATION,SEND_MESSAGE,54,0,1,True
0,388,EXTRA_VERIFICATION,SEND_MESSAGE,66,0,0,True
0,389,EXTRA_VERIFICATION,SEND_MESSAGE,66,0,1,True
0,390,EXTRA_VERIFICATION,SEND_MESSAGE,6,2,0,True
0,391,EXTRA_VERIFICATION,SEND_MESSAGE,6,2,1,True
0,392,EXTRA_VERIFICATION,SEND_MESSAGE,35,3,0,True
0,393,EXTRA_VERIFICATION,SEND_MESSAGE,35,3,1,True
0,394,EXTRA_VERIFICATION,SEND_MESSAGE,71,1,0,True
0,395,EXTRA_VERIFICATION,SEND_MESSAGE,71,1,1,True
0,396,EXTRA_VERIFICATION,SEND_MESSAGE,95,1,0,True
0,397,EXTRA_VERIFICATION,SEND_MESSAGE,95,1,1,True
0,398,EXTRA_VERIFICATION,SEND_MESSAGE,27,1,0,True
0,399,EXTRA_VERIFICATION,SEND_MESSAGE,27,1,1,True
0,400,EXTRA_VERIFICATION,SHARE_DOCUMENT,14,1,0,True
0,401,EXTRA_VERIFICATION,SHARE_DOCUMENT,14,1,1,True
0,402,EXTRA_VERIFICATION,SHARE_DOCUMENT,43,0,0,True
0,403,EXTRA_VERIFICATION,SHARE_DOCUMENT,43,0,1,True
0,404,EXTRA_VERIFICATION,SHARE_DOCUMENT,36,1,0,True
0,405,EXTRA_VERIFICATION,SHARE_DOCUMENT,36,1,1,True
0,406,EXTRA_VERIFICATION,SHARE_DOCUMENT,34,1,0,True
0,407,EXTRA_VERIFICATION,SHARE_DOCUMENT,34,1,1,True
0,408,EXTRA_VERIFICATION,SHARE_DOCUMENT,5,2,0,True
0,409,EXTRA_VERIFICATION,SHARE_DOCUMENT,5,2,1,True
0,410,EXTRA_VERIFICATION,SHARE_DOCUMENT,42,3,0,True
0,411,EXTRA_VERIFICATION,SHARE_DOCUMENT,42,3,1,True
0,412,EXTRA_VERIFICATION,SHARE_DOCUMENT,33,3,0,True
0,413,EXTRA_VERIFICATION,SHARE_DOCUMENT,33,3,1,True
0,414,EXTRA_VERIFICATION,SHARE_DOCUMENT,75,3,0,True
0,415,EXTRA_VERIFICATION,SHARE_DOCUMENT,75,3,1,True
0,416,EXTRA_VERIFICATION,SHARE_DOCUMENT,59,0,0,True
0,417,EXTRA_VERIFICATION,SHARE_DOCUMENT,59,0,1,True
0,418,EXTRA_VERIFICATION,SHARE_DOCUMENT,8,3,0,True
0,419,EXTRA_VERIFICATION,SHARE_DOCUMENT,8,3,1,True
0,420,EXTRA_VERIFICATION,SHARE_DOCUMENT,89,1,0,True
0,421,EXTRA_VERIFICATION,SHARE_DOCUMENT,89,1,1,True
0,422,EXTRA_VERIFICATION,SHARE_DOCUMENT,10,0,0,True
0,423,EXTRA_VERIFICATION,SHARE_DOCUMENT,10,0,1,True
0,424,EXTRA_VERIFICATION,SHARE_DOCUMENT,68,2,0,True
0,425,EXTRA_VERIFICATION,SHARE_DOCUMENT,68,2,1,True
0,426,EXTRA_VERIFICATION,SHARE_DOCUMENT,61,1,0,True
0,427,EXTRA_VERIFICATION,SHARE_DOCUMENT,61,1,1,True
0,428,EXTRA_VERIFICATION,SHARE_DOCUMENT,34,0,0,True
0,429,EXTRA_VERIFICATION,SHARE_DOCUMENT,34,0,1,True
0,430,EXTRA_VERIFICATION,SHARE_DOCUMENT,0,3,0,True
0,431,EXTRA_VERIFICATION,SHARE_DOCUMENT,0,3,1,True
0,432,EXTRA_VERIFICATION,SHARE_DOCUMENT,13,3,0,True
0,433,EXTRA_VERIFICATION,SHARE_DOCUMENT,13,3,1,True
0,434,EXTRA_VERIFICATION,SHARE_DOCUMENT,41,1,0,True
0,435,EXTRA_VERIFICATION,SHARE_DOCUMENT,41,1,1,True
0,436,EXTRA_VERIFICATION,SHARE_DOCUMENT,28,1,0,True
0,437,EXTRA_VERIFICATION,SHARE_DOCUMENT,28,1,1,True
0,438,EXTRA_VERIFICATION,SHARE_DOCUMENT,56,1,0,True
0,439,EXTRA_VERIFICATION,SHARE_DOCUMENT,56,1,1,True
0,440,EXTRA_VERIFICATION,SHARE_DOCUMENT,71,2,0,True
0,441,EXTRA_VERIFICATION,SHARE_DOCUMENT,71,2,1,True
0,442,EXTRA_VERIFICATION,SHARE_DOCUMENT,47,1,0,True
0,443,EXTRA_VERIFICATION,SHARE_DOCUMENT,47,1,1,True
0,444,EXTRA_VERIFICATION,SHARE_DOCUMENT,79,0,0,True
0,445,EXTRA_VERIFICATION,SHARE_DOCUMENT,79,0,1,True
0,446,EXTRA_VERIFICATION,SHARE_DOCUMENT,71,0,0,True
0,447,EXTRA_VERIFICATION,SHARE_DOCUMENT,71,0,1,True
0,448,EXTRA_VERIFICATION,SHARE_DOCUMENT,17,2,0,True
0,449,EXTRA_VERIFICATION,SHARE_DOCUMENT,17,2,1,True
0,450,EXTRA_VERIFICATION,SHARE_DOCUMENT,29,0,0,True
0,451,EXTRA_VERIFICATION,SHARE_DOCUMENT,29,0,1,True
0,452,EXTRA_VERIFICATION,SHARE_DOCUMENT,62,0,0,True
0,453,EXTRA_VERIFICATION,SHARE_DOCUMENT,62,0,1,True
0,454,EXTRA_VERIFICATION,SHARE_DOCUMENT,95,0,0,True
0,455,EXTRA_VERIFICATION,SHARE_DOCUMENT,95,0,1,True
0,456,EXTRA_VERIFICATION,SHARE_DOCUMENT,45,3,0,True
0,457,EXTRA_VERIFICATION,SHARE_DOCUMENT,45,3,1,True
0,458,EXTRA_VERIFICATION,SHARE_DOCUMENT,70,1,0,True
0,459,EXTRA_VERIFICATION,SHARE_DOCUMENT,70,1,1,True
0,460,EXTRA_VERIFICATION,SHARE_DOCUMENT,2,0,0,True
0,461,EXTRA_VERIFICATION,SHARE_DOCUMENT,2,0,1,True
0,462,EXTRA_VERIFICATION,SHARE_DOCUMENT,19,1,0,True
0,463,EXTRA_VERIFICATION,SHARE_DOCUMENT,19,1,1,True
0,464,EXTRA_VERIFICATION,SHARE_DOCUMENT,71,1,0,True
0,465,EXTRA_VERIFICATION,SHARE_DOCUMENT,71,1,1,True
0,466,EXTRA_VERIFICATION,SHARE_DOCUMENT,20,3,0,True
0,467,EXTRA_VERIFICATION,SHARE_DOCUMENT,20,3,1,True
0,468,EXTRA_VERIFICATION,SHARE_DOCUMENT,29,0,0,True
0,469,EXTRA_VERIFICATION,SHARE_DOCUMENT,29,0,1,True
0,470,EXTRA_VERIFICATION,SHARE_DOCUMENT,28,1,0,True
0,471,EXTRA_VERIFICATION,SHARE_DOCUMENT,28,1,1,True
0,472,EXTRA_VERIFICATION,SHARE_DOCUMENT,11,3,0,True
0,473,EXTRA_VERIFICATION,SHARE_DOCUMENT,11,3,1,True
0,474,EXTRA_VERIFICATION,SHARE_DOCUMENT,59,2,0,True
0,475,EXTRA_VERIFICATION,SHARE_DOCUMENT,59,2,1,True
0,476,EXTRA_VERIFICATION,SHARE_DOCUMENT,29,0,0,True
0,477,EXTRA_VERIFICATION,SHARE_DOCUMENT,29,0,1,True
0,478,EXTRA_VERIFICATION,SHARE_DOCUMENT,65,0,0,True
0,479,EXTRA_VERIFICATION,SHARE_DOCUMENT,65,0,1,True
1,480,AUTHORIZATION,SEND_MESSAGE,67,1,0,True
1,481,AUTHORIZATION,SEND_MESSAGE,67,1,1,True
1,482,AUTHORIZATION,SEND_MESSAGE,72,1,0,True
1,483,AUTHORIZATION,SEND_MESSAGE,72,1,1,True
1,484,AUTHORIZATION,SEND_MESSAGE,52,0,0,True
1,485,AUTHORIZATION,SEND_MESSAGE,52,0,1,True
1,486,AUTHORIZATION,SEND_MESSAGE,64,3,0,True
1,487,AUTHORIZATION,SEND_MESSAGE,64,3,1,True
1,488,AUTHORIZATION,SEND_MESSAGE,5,3,0,True
1,489,AUTHORIZATION,SEND_MESSAGE,5,3,1,True
1,490,AUTHORIZATION,SEND_MESSAGE,66,2,0,True
1,491,AUTHORIZATION,SEND_MESSAGE,66,2,1,True
1,492,AUTHORIZATION,SEND_MESSAGE,23,1,0,True
1,493,AUTHORIZATION,SEND_MESSAGE,23,1,1,True
1,494,AUTHORIZATION,SEND_MESSAGE,22,0,0,True
1,495,AUTHORIZATION,SEND_MESSAGE,22,0,1,True
1,496,AUTHORIZATION,SEND_MESSAGE,85,1,0,True
1,497,AUTHORIZATION,SEND_MESSAGE,85,1,1,True
1,498,AUTHORIZATION,SEND_MESSAGE,7,0,0,True
1,499,AUTHORIZATION,SEND_MESSAGE,7,0,1,True
1,500,AUTHORIZATION,SEND_MESSAGE,59,1,0,True
1,501,AUTHORIZATION,SEND_MESSAGE,59,1,1,True
1,502,AUTHORIZATION,SEND_MESSAGE,88,3,0,True
1,503,AUTHORIZATION,SEND_MESSAGE,88,3,1,True
1,504,AUTHORIZATION,SEND_MESSAGE,68,3,0,True
1,505,AUTHORIZATION,SEND_MESSAGE,68,3,1,True
1,506,AUTHORIZATION,SEND_MESSAGE,5,2,0,True
1,507,AUTHORIZATION,SEND_MESSAGE,5,2,1,True
1,508,AUTHORIZATION,SEND_MESSAGE,81,3,0,True
1,509,AUTHORIZATION,SEND_MESSAGE,81,3,1,True
1,510,AUTHORIZATION,SEND_MESSAGE,35,1,0,True
1,511,AUTHORIZATION,SEND_MESSAGE,35,1,1,True
1,512,AUTHORIZATION,SEND_MESSAGE,1,2,0,True
1,513,AUTHORIZATION,SEND_MESSAGE,1,2,1,True
1,514,AUTHORIZATION,SEND_MESSAGE,23,3,0,True
1,515,AUTHORIZATION,SEND_MESSAGE,23,3,1,True
1,516,AUTHORIZATION,SEND_MESSAGE,74,1,0,True
1,517,AUTHORIZATION,SEND_MESSAGE,74,1,1,True
1,518,AUTHORIZATION,SEND_MESSAGE,44,0,0,True
1,519,AUTHORIZATION,SEND_MESSAGE,44,0,1,True
1,520,AUTHORIZATION,SEND_MESSAGE,95,3,0,True
1,521,AUTHORIZATION,SEND_MESSAGE,95,3,1,True
1,522,AUTHORIZATION,SEND_MESSAGE,49,1,0,True
1,523,AUTHORIZATION,SEND_MESSAGE,49,1,1,True
1,524,AUTHORIZATION,SEND_MESSAGE,95,0,0,True
1,525,AUTHORIZATION,SEND_MESSAGE,95,0,1,True
1,526,AUTHORIZATION,SEND_MESSAGE,62,3,0,True
1,527,AUTHORIZATION,SEND_MESSAGE,62,3,1,True
1,528,AUTHORIZATION,SEND_MESSAGE,24,3,0,True
1,529,AUTHORIZATION,SEND_MESSAGE,24,3,1,True
1,530,AUTHORIZATION,SEND_MESSAGE,50,3,0,True
1,531,AUTHORIZATION,SEND_MESSAGE,50,3,1,True
1,532,AUTHORIZATION,SEND_MESSAGE,53,1,0,True
1,533,AUTHORIZATION,SEND_MESSAGE,53,1,1,True
1,534,AUTHORIZATION,SEND_MESSAGE,93,1,0,True
1,535,AUTHORIZATION,SEND_MESSAGE,93,1,1,True
1,536,AUTHORIZATION,SEND_MESSAGE,0,2,0,True
1,537,AUTHORIZATION,SEND_MESSAGE,0,2,1,True
1,538,AUTHORIZATION,SEND_MESSAGE,30,2,0,True
1,539,AUTHORIZATION,SEND_MESSAGE,30,2,1,True
1,540,AUTHORIZATION,SEND_MESSAGE,74,3,0,True
1,541,AUTHORIZATION,SEND_MESSAGE,74,3,1,True
1,542,AUTHORIZATION,SEND_MESSAGE,84,2,0,True
1,543,AUTHORIZATION,SEND_MESSAGE,84,2,1,True
1,544,AUTHORIZATION,SEND_MESSAGE,72,1,0,True
1,545,AUTHORIZATION,SEND_MESSAGE,72,1,1,True
1,546,AUTHORIZATION,SEND_MESSAGE,80,3,0,True
1,547,AUTHORIZATION,SEND_MESSAGE,80,3,1,True
1,548,AUTHORIZATION,SEND_MESSAGE,88,1,0,True
1,549,AUTHORIZATION,SEND_MESSAGE,88,1,1,True
1,550,AUTHORIZATION,SEND_MESSAGE,62,0,0,True
1,551,AUTHORIZATION,SEND_MESSAGE,62,0,1,True
1,552,AUTHORIZATION,SEND_MESSAGE,56,3,0,True
1,553,AUTHORIZATION,SEND_MESSAGE,56,3,1,True
1,554,AUTHORIZATION,SEND_MESSAGE,69,3,0,True
1,555,AUTHORIZATION,SEND_MESSAGE,69,3,1,True
1,556,AUTHORIZATION,SEND_MESSAGE,68,1,0,True
1,557,AUTHORIZATION,SEND_MESSAGE,68,1,1,True
1,558,AUTHORIZATION,SEND_MESSAGE,33,0,0,True
1,559,AUTHORIZATION,SEND_MESSAGE,33,0,1,True
1,560,AUTHORIZATION,SHARE_DOCUMENT,56,3,0,True
1,561,AUTHORIZATION,SHARE_DOCUMENT,56,3,1,True
1,562,AUTHORIZATION,SHARE_DOCUMENT,34,0,0,True
1,563,AUTHORIZATION,SHARE_DOCUMENT,34,0,1,True
1,564,AUTHORIZATION,SHARE_DOCUMENT,5,0,0,True
1,565,AUTHORIZATION,SHARE_DOCUMENT,5,0,1,True
1,566,AUTHORIZATION,SHARE_DOCUMENT,87,2,0,True
1,567,AUTHORIZATION,SHARE_DOCUMENT,87,2,1,True
1,568,AUTHORIZATION,SHARE_DOCUMENT,23,1,0,True
1,569,AUTHORIZATION,SHARE_DOCUMENT,23,1,1,True
1,570,AUTHORIZATION,SHARE_DOCUMENT,26,3,0,True
1,571,AUTHORIZATION,SHARE_DOCUMENT,26,3,1,True
1,572,AUTHORIZATION,SHARE_DOCUMENT,9,1,0,True
1,573,AUTHORIZATION,SHARE_DOCUMENT,9,1,1,True
1,574,AUTHORIZATION,SHARE_DOCUMENT,89,2,0,True
1,575,AUTHORIZATION,SHARE_DOCUMENT,89,2,1,True
1,576,AUTHORIZATION,SHARE_DOCUMENT,94,3,0,True
1,577,AUTHORIZATION,SHARE_DOCUMENT,94,3,1,True
1,578,AUTHORIZATION,SHARE_DOCUMENT,29,3,0,True
1,579,AUTHORIZATION,SHARE_DOCUMENT,29,3,1,True
1,580,AUTHORIZATION,SHARE_DOCUMENT,95,3,0,True
1,581,AUTHORIZATION,SHARE_DOCUMENT,95,3,1,True
1,582,AUTHORIZATION,SHARE_DOCUMENT,73,2,0,True
1,583,AUTHORIZATION,SHARE_DOCUMENT,73,2,1,True
1,584,AUTHORIZATION,SHARE_DOCUMENT,13,0,0,True
1,585,AUTHORIZATION,SHARE_DOCUMENT,13,0,1,True
1,586,AUTHORIZATION,SHARE_DOCUMENT,43,0,0,True
1,587,AUTHORIZATION,SHARE_DOCUMENT,43,0,1,True
1,588,AUTHORIZATION,SHARE_DOCUMENT,5,3,0,True
1,589,AUTHORIZATION,SHARE_DOCUMENT,5,3,1,True
1,590,AUTHORIZATION,SHARE_DOCUMENT,88,3,0,True
1,591,AUTHORIZATION,SHARE_DOCUMENT,88,3,1,True
1,592,AUTHORIZATION,SHARE_DOCUMENT,87,1,0,True
1,593,AUTHORIZATION,SHARE_DOCUMENT,87,1,1,True
1,594,AUTHORIZATION,SHARE_DOCUMENT,78,0,0,True
1,595,AUTHORIZATION,SHARE_DOCUMENT,78,0,1,True
1,596,AUTHORIZATION,SHARE_DOCUMENT,84,3,0,True
1,597,AUTHORIZATION,SHARE_DOCUMENT,84,3,1,True
1,598,AUTHORIZATION,SHARE_DOCUMENT,9,3,0,True
1,599,AUTHORIZATION,SHARE_DOCUMENT,9,3,1,True
1,600,AUTHORIZATION,SHARE_DOCUMENT,88,0,0,True
1,601,AUTHORIZATION,SHARE_DOCUMENT,88,0,1,True
1,602,AUTHORIZATION,SHARE_DOCUMENT,40,2,0,True
1,603,AUTHORIZATION,SHARE_DOCUMENT,40,2,1,True
1,604,AUTHORIZATION,SHARE_DOCUMENT,32,1,0,True
1,605,AUTHORIZATION,SHARE_DOCUMENT,32,1,1,True
1,606,AUTHORIZATION,SHARE_DOCUMENT,17,3,0,True
1,607,AUTHORIZATION,SHARE_DOCUMENT,17,3,1,True
1,608,AUTHORIZATION,SHARE_DOCUMENT,53,1,0,True
1,609,AUTHORIZATION,SHARE_DOCUMENT,53,1,1,True
1,610,AUTHORIZATION,SHARE_DOCUMENT,74,1,0,True
1,611,AUTHORIZATION,SHARE_DOCUMENT,74,1,1,True
1,612,AUTHORIZATION,SHARE_DOCUMENT,33,1,0,True
1,613,AUTHORIZATION,SHARE_DOCUMENT,33,1,1,True
1,614,AUTHORIZATION,SHARE_DOCUMENT,39,0,0,True
1,615,AUTHORIZATION,SHARE_DOCUMENT,39,0,1,True
1,616,AUTHORIZATION,SHARE_DOCUMENT,62,1,0,True
1,617,AUTHORIZATION,SHARE_DOCUMENT,62,1,1,True
1,618,AUTHORIZATION,SHARE_DOCUMENT,81,0,0,True
1,619,AUTHORIZATION,SHARE_DOCUMENT,81,0,1,True
1,620,AUTHORIZATION,SHARE_DOCUMENT,77,2,0,True
1,621,AUTHORIZATION,SHARE_DOCUMENT,77,2,1,True
1,622,AUTHORIZATION,SHARE_DOCUMENT,84,0,0,True
1,623,AUTHORIZATION,SHARE_DOCUMENT,84,0,1,True
1,624,AUTHORIZATION,SHARE_DOCUMENT,59,1,0,True
1,625,AUTHORIZATION,SHARE_DOCUMENT,59,1,1,True
1,626,AUTHORIZATION,SHARE_DOCUMENT,5,2,0,True
1,627,AUTHORIZATION,SHARE_DOCUMENT,5,2,1,True
1,628,AUTHORIZATION,SHARE_DOCUMENT,77,3,0,True
1,629,AUTHORIZATION,SHARE_DOCUMENT,77,3,1,True
1,630,AUTHORIZATION,SHARE_DOCUMENT,59,0,0,True
1,631,AUTHORIZATION,SHARE_DOCUMENT,59,0,1,True
1,632,AUTHORIZATION,SHARE_DOCUMENT,1,1,0,True
1,633,AUTHORIZATION,SHARE_DOCUMENT,1,1,1,True
1,634,AUTHORIZATION,SHARE_DOCUMENT,1,1,0,True
1,635,AUTHORIZATION,SHARE_DOCUMENT,1,1,1,True
1,636,AUTHORIZATION,SHARE_DOCUMENT,91,0,0,True
1,637,AUTHORIZATION,SHARE_DOCUMENT,91,0,1,True
1,638,AUTHORIZATION,SHARE_DOCUMENT,45,1,0,True
1,639,AUTHORIZATION,SHARE_DOCUMENT,45,1,1,True
1,640,PROVENANCE,SEND_MESSAGE,88,0,0,True
1,641,PROVENANCE,SEND_MESSAGE,88,0,1,True
1,642,PROVENANCE,SEND_MESSAGE,4,2,0,True
1,643,PROVENANCE,SEND_MESSAGE,4,2,1,True
1,644,PROVENANCE,SEND_MESSAGE,29,3,0,True
1,645,PROVENANCE,SEND_MESSAGE,29,3,1,True
1,646,PROVENANCE,SEND_MESSAGE,80,0,0,True
1,647,PROVENANCE,SEND_MESSAGE,80,0,1,True
1,648,PROVENANCE,SEND_MESSAGE,36,1,0,True
1,649,PROVENANCE,SEND_MESSAGE,36,1,1,True
1,650,PROVENANCE,SEND_MESSAGE,71,2,0,True
1,651,PROVENANCE,SEND_MESSAGE,71,2,1,True
1,652,PROVENANCE,SEND_MESSAGE,38,1,0,True
1,653,PROVENANCE,SEND_MESSAGE,38,1,1,True
1,654,PROVENANCE,SEND_MESSAGE,17,3,0,True
1,655,PROVENANCE,SEND_MESSAGE,17,3,1,True
1,656,PROVENANCE,SEND_MESSAGE,89,1,0,True
1,657,PROVENANCE,SEND_MESSAGE,89,1,1,True
1,658,PROVENANCE,SEND_MESSAGE,44,1,0,True
1,659,PROVENANCE,SEND_MESSAGE,44,1,1,True
1,660,PROVENANCE,SEND_MESSAGE,18,3,0,True
1,661,PROVENANCE,SEND_MESSAGE,18,3,1,True
1,662,PROVENANCE,SEND_MESSAGE,71,3,0,True
1,663,PROVENANCE,SEND_MESSAGE,71,3,1,True
1,664,PROVENANCE,SEND_MESSAGE,11,2,0,True
1,665,PROVENANCE,SEND_MESSAGE,11,2,1,True
1,666,PROVENANCE,SEND_MESSAGE,95,3,0,True
1,667,PROVENANCE,SEND_MESSAGE,95,3,1,True
1,668,PROVENANCE,SEND_MESSAGE,57,0,0,True
1,669,PROVENANCE,SEND_MESSAGE,57,0,1,True
1,670,PROVENANCE,SEND_MESSAGE,93,0,0,True
1,671,PROVENANCE,SEND_MESSAGE,93,0,1,True
1,672,PROVENANCE,SEND_MESSAGE,78,3,0,True
1,673,PROVENANCE,SEND_MESSAGE,78,3,1,True
1,674,PROVENANCE,SEND_MESSAGE,87,0,0,True
1,675,PROVENANCE,SEND_MESSAGE,87,0,1,True
1,676,PROVENANCE,SEND_MESSAGE,45,0,0,True
1,677,PROVENANCE,SEND_MESSAGE,45,0,1,True
1,678,PROVENANCE,SEND_MESSAGE,84,1,0,True
1,679,PROVENANCE,SEND_MESSAGE,84,1,1,True
1,680,PROVENANCE,SEND_MESSAGE,73,0,0,True
1,681,PROVENANCE,SEND_MESSAGE,73,0,1,True
1,682,PROVENANCE,SEND_MESSAGE,45,2,0,True
1,683,PROVENANCE,SEND_MESSAGE,45,2,1,True
1,684,PROVENANCE,SEND_MESSAGE,75,1,0,True
1,685,PROVENANCE,SEND_MESSAGE,75,1,1,True
1,686,PROVENANCE,SEND_MESSAGE,87,1,0,True
1,687,PROVENANCE,SEND_MESSAGE,87,1,1,True
1,688,PROVENANCE,SEND_MESSAGE,89,0,0,True
1,689,PROVENANCE,SEND_MESSAGE,89,0,1,True
1,690,PROVENANCE,SEND_MESSAGE,17,2,0,True
1,691,PROVENANCE,SEND_MESSAGE,17,2,1,True
1,692,PROVENANCE,SEND_MESSAGE,62,3,0,True
1,693,PROVENANCE,SEND_MESSAGE,62,3,1,True
1,694,PROVENANCE,SEND_MESSAGE,20,2,0,True
1,695,PROVENANCE,SEND_MESSAGE,20,2,1,True
1,696,PROVENANCE,SEND_MESSAGE,65,0,0,True
1,697,PROVENANCE,SEND_MESSAGE,65,0,1,True
1,698,PROVENANCE,SEND_MESSAGE,51,0,0,True
1,699,PROVENANCE,SEND_MESSAGE,51,0,1,True
1,700,PROVENANCE,SEND_MESSAGE,54,2,0,True
1,701,PROVENANCE,SEND_MESSAGE,54,2,1,True
1,702,PROVENANCE,SEND_MESSAGE,12,1,0,True
1,703,PROVENANCE,SEND_MESSAGE,12,1,1,True
1,704,PROVENANCE,SEND_MESSAGE,28,1,0,True
1,705,PROVENANCE,SEND_MESSAGE,28,1,1,True
1,706,PROVENANCE,SEND_MESSAGE,72,0,0,True
1,707,PROVENANCE,SEND_MESSAGE,72,0,1,True
1,708,PROVENANCE,SEND_MESSAGE,9,2,0,True
1,709,PROVENANCE,SEND_MESSAGE,9,2,1,True
1,710,PROVENANCE,SEND_MESSAGE,25,1,0,True
1,711,PROVENANCE,SEND_MESSAGE,25,1,1,True
1,712,PROVENANCE,SEND_MESSAGE,1,2,0,True
1,713,PROVENANCE,SEND_MESSAGE,1,2,1,True
1,714,PROVENANCE,SEND_MESSAGE,73,0,0,True
1,715,PROVENANCE,SEND_MESSAGE,73,0,1,True
1,716,PROVENANCE,SEND_MESSAGE,30,1,0,True
1,717,PROVENANCE,SEND_MESSAGE,30,1,1,True
1,718,PROVENANCE,SEND_MESSAGE,80,3,0,True
1,719,PROVENANCE,SEND_MESSAGE,80,3,1,True
1,720,PROVENANCE,SHARE_DOCUMENT,17,1,0,True
1,721,PROVENANCE,SHARE_DOCUMENT,17,1,1,True
1,722,PROVENANCE,SHARE_DOCUMENT,38,0,0,True
1,723,PROVENANCE,SHARE_DOCUMENT,38,0,1,True
1,724,PROVENANCE,SHARE_DOCUMENT,39,3,0,True
1,725,PROVENANCE,SHARE_DOCUMENT,39,3,1,True
1,726,PROVENANCE,SHARE_DOCUMENT,68,2,0,True
1,727,PROVENANCE,SHARE_DOCUMENT,68,2,1,True
1,728,PROVENANCE,SHARE_DOCUMENT,85,2,0,True
1,729,PROVENANCE,SHARE_DOCUMENT,85,2,1,True
1,730,PROVENANCE,SHARE_DOCUMENT,86,0,0,True
1,731,PROVENANCE,SHARE_DOCUMENT,86,0,1,True
1,732,PROVENANCE,SHARE_DOCUMENT,39,0,0,True
1,733,PROVENANCE,SHARE_DOCUMENT,39,0,1,True
1,734,PROVENANCE,SHARE_DOCUMENT,63,1,0,True
1,735,PROVENANCE,SHARE_DOCUMENT,63,1,1,True
1,736,PROVENANCE,SHARE_DOCUMENT,71,2,0,True
1,737,PROVENANCE,SHARE_DOCUMENT,71,2,1,True
1,738,PROVENANCE,SHARE_DOCUMENT,55,1,0,True
1,739,PROVENANCE,SHARE_DOCUMENT,55,1,1,True
1,740,PROVENANCE,SHARE_DOCUMENT,18,1,0,True
1,741,PROVENANCE,SHARE_DOCUMENT,18,1,1,True
1,742,PROVENANCE,SHARE_DOCUMENT,66,0,0,True
1,743,PROVENANCE,SHARE_DOCUMENT,66,0,1,True
1,744,PROVENANCE,SHARE_DOCUMENT,38,0,0,True
1,745,PROVENANCE,SHARE_DOCUMENT,38,0,1,True
1,746,PROVENANCE,SHARE_DOCUMENT,95,2,0,True
1,747,PROVENANCE,SHARE_DOCUMENT,95,2,1,True
1,748,PROVENANCE,SHARE_DOCUMENT,38,1,0,True
1,749,PROVENANCE,SHARE_DOCUMENT,38,1,1,True
1,750,PROVENANCE,SHARE_DOCUMENT,38,1,0,True
1,751,PROVENANCE,SHARE_DOCUMENT,38,1,1,True
1,752,PROVENANCE,SHARE_DOCUMENT,2,0,0,True
1,753,PROVENANCE,SHARE_DOCUMENT,2,0,1,True
1,754,PROVENANCE,SHARE_DOCUMENT,28,1,0,True
1,755,PROVENANCE,SHARE_DOCUMENT,28,1,1,True
1,756,PROVENANCE,SHARE_DOCUMENT,46,2,0,True
1,757,PROVENANCE,SHARE_DOCUMENT,46,2,1,True
1,758,PROVENANCE,SHARE_DOCUMENT,83,0,0,True
1,759,PROVENANCE,SHARE_DOCUMENT,83,0,1,True
1,760,PROVENANCE,SHARE_DOCUMENT,0,0,0,True
1,761,PROVENANCE,SHARE_DOCUMENT,0,0,1,True
1,762,PROVENANCE,SHARE_DOCUMENT,70,3,0,True
1,763,PROVENANCE,SHARE_DOCUMENT,70,3,1,True
1,764,PROVENANCE,SHARE_DOCUMENT,92,3,0,True
1,765,PROVENANCE,SHARE_DOCUMENT,92,3,1,True
1,766,PROVENANCE,SHARE_DOCUMENT,50,1,0,True
1,767,PROVENANCE,SHARE_DOCUMENT,50,1,1,True
1,768,PROVENANCE,SHARE_DOCUMENT,82,1,0,True
1,769,PROVENANCE,SHARE_DOCUMENT,82,1,1,True
1,770,PROVENANCE,SHARE_DOCUMENT,60,0,0,True
1,771,PROVENANCE,SHARE_DOCUMENT,60,0,1,True
1,772,PROVENANCE,SHARE_DOCUMENT,29,3,0,True
1,773,PROVENANCE,SHARE_DOCUMENT,29,3,1,True
1,774,PROVENANCE,SHARE_DOCUMENT,53,1,0,True
1,775,PROVENANCE,SHARE_DOCUMENT,53,1,1,True
1,776,PROVENANCE,SHARE_DOCUMENT,6,2,0,True
1,777,PROVENANCE,SHARE_DOCUMENT,6,2,1,True
1,778,PROVENANCE,SHARE_DOCUMENT,84,0,0,True
1,779,PROVENANCE,SHARE_DOCUMENT,84,0,1,True
1,780,PROVENANCE,SHARE_DOCUMENT,52,1,0,True
1,781,PROVENANCE,SHARE_DOCUMENT,52,1,1,True
1,782,PROVENANCE,SHARE_DOCUMENT,74,1,0,True
1,783,PROVENANCE,SHARE_DOCUMENT,74,1,1,True
1,784,PROVENANCE,SHARE_DOCUMENT,79,3,0,True
1,785,PROVENANCE,SHARE_DOCUMENT,79,3,1,True
1,786,PROVENANCE,SHARE_DOCUMENT,4,2,0,True
1,787,PROVENANCE,SHARE_DOCUMENT,4,2,1,True
1,788,PROVENANCE,SHARE_DOCUMENT,65,1,0,True
1,789,PROVENANCE,SHARE_DOCUMENT,65,1,1,True
1,790,PROVENANCE,SHARE_DOCUMENT,55,1,0,True
1,791,PROVENANCE,SHARE_DOCUMENT,55,1,1,True
1,792,PROVENANCE,SHARE_DOCUMENT,34,3,0,True
1,793,PROVENANCE,SHARE_DOCUMENT,34,3,1,True
1,794,PROVENANCE,SHARE_DOCUMENT,56,1,0,True
1,795,PROVENANCE,SHARE_DOCUMENT,56,1,1,True
1,796,PROVENANCE,SHARE_DOCUMENT,24,2,0,True
1,797,PROVENANCE,SHARE_DOCUMENT,24,2,1,True
1,798,PROVENANCE,SHARE_DOCUMENT,90,1,0,True
1,799,PROVENANCE,SHARE_DOCUMENT,90,1,1,True
1,800,EXTRA_VERIFICATION,SEND_MESSAGE,84,3,0,True
1,801,EXTRA_VERIFICATION,SEND_MESSAGE,84,3,1,True
1,802,EXTRA_VERIFICATION,SEND_MESSAGE,7,3,0,True
1,803,EXTRA_VERIFICATION,SEND_MESSAGE,7,3,1,True
1,804,EXTRA_VERIFICATION,SEND_MESSAGE,61,3,0,True
1,805,EXTRA_VERIFICATION,SEND_MESSAGE,61,3,1,True
1,806,EXTRA_VERIFICATION,SEND_MESSAGE,38,1,0,True
1,807,EXTRA_VERIFICATION,SEND_MESSAGE,38,1,1,True
1,808,EXTRA_VERIFICATION,SEND_MESSAGE,53,0,0,True
1,809,EXTRA_VERIFICATION,SEND_MESSAGE,53,0,1,True
1,810,EXTRA_VERIFICATION,SEND_MESSAGE,54,2,0,True
1,811,EXTRA_VERIFICATION,SEND_MESSAGE,54,2,1,True
1,812,EXTRA_VERIFICATION,SEND_MESSAGE,54,0,0,True
1,813,EXTRA_VERIFICATION,SEND_MESSAGE,54,0,1,True
1,814,EXTRA_VERIFICATION,SEND_MESSAGE,19,3,0,True
1,815,EXTRA_VERIFICATION,SEND_MESSAGE,19,3,1,True
1,816,EXTRA_VERIFICATION,SEND_MESSAGE,63,2,0,True
1,817,EXTRA_VERIFICATION,SEND_MESSAGE,63,2,1,True
1,818,EXTRA_VERIFICATION,SEND_MESSAGE,11,3,0,True
1,819,EXTRA_VERIFICATION,SEND_MESSAGE,11,3,1,True
1,820,EXTRA_VERIFICATION,SEND_MESSAGE,32,0,0,True
1,821,EXTRA_VERIFICATION,SEND_MESSAGE,32,0,1,True
1,822,EXTRA_VERIFICATION,SEND_MESSAGE,74,2,0,True
1,823,EXTRA_VERIFICATION,SEND_MESSAGE,74,2,1,True
1,824,EXTRA_VERIFICATION,SEND_MESSAGE,35,0,0,True
1,825,EXTRA_VERIFICATION,SEND_MESSAGE,35,0,1,True
1,826,EXTRA_VERIFICATION,SEND_MESSAGE,52,1,0,True
1,827,EXTRA_VERIFICATION,SEND_MESSAGE,52,1,1,True
1,828,EXTRA_VERIFICATION,SEND_MESSAGE,62,0,0,True
1,829,EXTRA_VERIFICATION,SEND_MESSAGE,62,0,1,True
1,830,EXTRA_VERIFICATION,SEND_MESSAGE,4,2,0,True
1,831,EXTRA_VERIFICATION,SEND_MESSAGE,4,2,1,True
1,832,EXTRA_VERIFICATION,SEND_MESSAGE,73,2,0,True
1,833,EXTRA_VERIFICATION,SEND_MESSAGE,73,2,1,True
1,834,EXTRA_VERIFICATION,SEND_MESSAGE,71,0,0,True
1,835,EXTRA_VERIFICATION,SEND_MESSAGE,71,0,1,True
1,836,EXTRA_VERIFICATION,SEND_MESSAGE,70,2,0,True
1,837,EXTRA_VERIFICATION,SEND_MESSAGE,70,2,1,True
1,838,EXTRA_VERIFICATION,SEND_MESSAGE,72,3,0,True
1,839,EXTRA_VERIFICATION,SEND_MESSAGE,72,3,1,True
1,840,EXTRA_VERIFICATION,SEND_MESSAGE,60,2,0,True
1,841,EXTRA_VERIFICATION,SEND_MESSAGE,60,2,1,True
1,842,EXTRA_VERIFICATION,SEND_MESSAGE,77,1,0,True
1,843,EXTRA_VERIFICATION,SEND_MESSAGE,77,1,1,True
1,844,EXTRA_VERIFICATION,SEND_MESSAGE,87,3,0,True
1,845,EXTRA_VERIFICATION,SEND_MESSAGE,87,3,1,True
1,846,EXTRA_VERIFICATION,SEND_MESSAGE,94,1,0,True
1,847,EXTRA_VERIFICATION,SEND_MESSAGE,94,1,1,True
1,848,EXTRA_VERIFICATION,SEND_MESSAGE,43,1,0,True
1,849,EXTRA_VERIFICATION,SEND_MESSAGE,43,1,1,True
1,850,EXTRA_VERIFICATION,SEND_MESSAGE,14,1,0,True
1,851,EXTRA_VERIFICATION,SEND_MESSAGE,14,1,1,True
1,852,EXTRA_VERIFICATION,SEND_MESSAGE,88,0,0,True
1,853,EXTRA_VERIFICATION,SEND_MESSAGE,88,0,1,True
1,854,EXTRA_VERIFICATION,SEND_MESSAGE,13,0,0,True
1,855,EXTRA_VERIFICATION,SEND_MESSAGE,13,0,1,True
1,856,EXTRA_VERIFICATION,SEND_MESSAGE,80,2,0,True
1,857,EXTRA_VERIFICATION,SEND_MESSAGE,80,2,1,True
1,858,EXTRA_VERIFICATION,SEND_MESSAGE,85,3,0,True
1,859,EXTRA_VERIFICATION,SEND_MESSAGE,85,3,1,True
1,860,EXTRA_VERIFICATION,SEND_MESSAGE,43,2,0,True
1,861,EXTRA_VERIFICATION,SEND_MESSAGE,43,2,1,True
1,862,EXTRA_VERIFICATION,SEND_MESSAGE,51,0,0,True
1,863,EXTRA_VERIFICATION,SEND_MESSAGE,51,0,1,True
1,864,EXTRA_VERIFICATION,SEND_MESSAGE,72,1,0,True
1,865,EXTRA_VERIFICATION,SEND_MESSAGE,72,1,1,True
1,866,EXTRA_VERIFICATION,SEND_MESSAGE,55,2,0,True
1,867,EXTRA_VERIFICATION,SEND_MESSAGE,55,2,1,True
1,868,EXTRA_VERIFICATION,SEND_MESSAGE,64,2,0,True
1,869,EXTRA_VERIFICATION,SEND_MESSAGE,64,2,1,True
1,870,EXTRA_VERIFICATION,SEND_MESSAGE,37,2,0,True
1,871,EXTRA_VERIFICATION,SEND_MESSAGE,37,2,1,True
1,872,EXTRA_VERIFICATION,SEND_MESSAGE,0,0,0,True
1,873,EXTRA_VERIFICATION,SEND_MESSAGE,0,0,1,True
1,874,EXTRA_VERIFICATION,SEND_MESSAGE,49,3,0,True
1,875,EXTRA_VERIFICATION,SEND_MESSAGE,49,3,1,True
1,876,EXTRA_VERIFICATION,SEND_MESSAGE,63,2,0,True
1,877,EXTRA_VERIFICATION,SEND_MESSAGE,63,2,1,True
1,878,EXTRA_VERIFICATION,SEND_MESSAGE,47,0,0,True
1,879,EXTRA_VERIFICATION,SEND_MESSAGE,47,0,1,True
1,880,EXTRA_VERIFICATION,SHARE_DOCUMENT,17,1,0,True
1,881,EXTRA_VERIFICATION,SHARE_DOCUMENT,17,1,1,True
1,882,EXTRA_VERIFICATION,SHARE_DOCUMENT,15,2,0,True
1,883,EXTRA_VERIFICATION,SHARE_DOCUMENT,15,2,1,True
1,884,EXTRA_VERIFICATION,SHARE_DOCUMENT,67,3,0,True
1,885,EXTRA_VERIFICATION,SHARE_DOCUMENT,67,3,1,True
1,886,EXTRA_VERIFICATION,SHARE_DOCUMENT,42,3,0,True
1,887,EXTRA_VERIFICATION,SHARE_DOCUMENT,42,3,1,True
1,888,EXTRA_VERIFICATION,SHARE_DOCUMENT,25,0,0,True
1,889,EXTRA_VERIFICATION,SHARE_DOCUMENT,25,0,1,True
1,890,EXTRA_VERIFICATION,SHARE_DOCUMENT,16,2,0,True
1,891,EXTRA_VERIFICATION,SHARE_DOCUMENT,16,2,1,True
1,892,EXTRA_VERIFICATION,SHARE_DOCUMENT,56,3,0,True
1,893,EXTRA_VERIFICATION,SHARE_DOCUMENT,56,3,1,True
1,894,EXTRA_VERIFICATION,SHARE_DOCUMENT,56,2,0,True
1,895,EXTRA_VERIFICATION,SHARE_DOCUMENT,56,2,1,True
1,896,EXTRA_VERIFICATION,SHARE_DOCUMENT,44,0,0,True
1,897,EXTRA_VERIFICATION,SHARE_DOCUMENT,44,0,1,True
1,898,EXTRA_VERIFICATION,SHARE_DOCUMENT,87,3,0,True
1,899,EXTRA_VERIFICATION,SHARE_DOCUMENT,87,3,1,True
1,900,EXTRA_VERIFICATION,SHARE_DOCUMENT,46,3,0,True
1,901,EXTRA_VERIFICATION,SHARE_DOCUMENT,46,3,1,True
1,902,EXTRA_VERIFICATION,SHARE_DOCUMENT,11,0,0,True
1,903,EXTRA_VERIFICATION,SHARE_DOCUMENT,11,0,1,True
1,904,EXTRA_VERIFICATION,SHARE_DOCUMENT,67,3,0,True
1,905,EXTRA_VERIFICATION,SHARE_DOCUMENT,67,3,1,True
1,906,EXTRA_VERIFICATION,SHARE_DOCUMENT,36,0,0,True
1,907,EXTRA_VERIFICATION,SHARE_DOCUMENT,36,0,1,True
1,908,EXTRA_VERIFICATION,SHARE_DOCUMENT,50,2,0,True
1,909,EXTRA_VERIFICATION,SHARE_DOCUMENT,50,2,1,True
1,910,EXTRA_VERIFICATION,SHARE_DOCUMENT,91,1,0,True
1,911,EXTRA_VERIFICATION,SHARE_DOCUMENT,91,1,1,True
1,912,EXTRA_VERIFICATION,SHARE_DOCUMENT,3,0,0,True
1,913,EXTRA_VERIFICATION,SHARE_DOCUMENT,3,0,1,True
1,914,EXTRA_VERIFICATION,SHARE_DOCUMENT,16,1,0,True
1,915,EXTRA_VERIFICATION,SHARE_DOCUMENT,16,1,1,True
1,916,EXTRA_VERIFICATION,SHARE_DOCUMENT,90,3,0,True
1,917,EXTRA_VERIFICATION,SHARE_DOCUMENT,90,3,1,True
1,918,EXTRA_VERIFICATION,SHARE_DOCUMENT,82,1,0,True
1,919,EXTRA_VERIFICATION,SHARE_DOCUMENT,82,1,1,True
1,920,EXTRA_VERIFICATION,SHARE_DOCUMENT,95,2,0,True
1,921,EXTRA_VERIFICATION,SHARE_DOCUMENT,95,2,1,True
1,922,EXTRA_VERIFICATION,SHARE_DOCUMENT,64,0,0,True
1,923,EXTRA_VERIFICATION,SHARE_DOCUMENT,64,0,1,True
1,924,EXTRA_VERIFICATION,SHARE_DOCUMENT,73,0,0,True
1,925,EXTRA_VERIFICATION,SHARE_DOCUMENT,73,0,1,True
1,926,EXTRA_VERIFICATION,SHARE_DOCUMENT,86,1,0,True
1,927,EXTRA_VERIFICATION,SHARE_DOCUMENT,86,1,1,True
1,928,EXTRA_VERIFICATION,SHARE_DOCUMENT,44,1,0,True
1,929,EXTRA_VERIFICATION,SHARE_DOCUMENT,44,1,1,True
1,930,EXTRA_VERIFICATION,SHARE_DOCUMENT,11,0,0,True
1,931,EXTRA_VERIFICATION,SHARE_DOCUMENT,11,0,1,True
1,932,EXTRA_VERIFICATION,SHARE_DOCUMENT,78,3,0,True
1,933,EXTRA_VERIFICATION,SHARE_DOCUMENT,78,3,1,True
1,934,EXTRA_VERIFICATION,SHARE_DOCUMENT,25,2,0,True
1,935,EXTRA_VERIFICATION,SHARE_DOCUMENT,25,2,1,True
1,936,EXTRA_VERIFICATION,SHARE_DOCUMENT,93,0,0,True
1,937,EXTRA_VERIFICATION,SHARE_DOCUMENT,93,0,1,True
1,938,EXTRA_VERIFICATION,SHARE_DOCUMENT,37,1,0,True
1,939,EXTRA_VERIFICATION,SHARE_DOCUMENT,37,1,1,True
1,940,EXTRA_VERIFICATION,SHARE_DOCUMENT,87,3,0,True
1,941,EXTRA_VERIFICATION,SHARE_DOCUMENT,87,3,1,True
1,942,EXTRA_VERIFICATION,SHARE_DOCUMENT,67,1,0,True
1,943,EXTRA_VERIFICATION,SHARE_DOCUMENT,67,1,1,True
1,944,EXTRA_VERIFICATION,SHARE_DOCUMENT,80,1,0,True
1,945,EXTRA_VERIFICATION,SHARE_DOCUMENT,80,1,1,True
1,946,EXTRA_VERIFICATION,SHARE_DOCUMENT,33,2,0,True
1,947,EXTRA_VERIFICATION,SHARE_DOCUMENT,33,2,1,True
1,948,EXTRA_VERIFICATION,SHARE_DOCUMENT,95,0,0,True
1,949,EXTRA_VERIFICATION,SHARE_DOCUMENT,95,0,1,True
1,950,EXTRA_VERIFICATION,SHARE_DOCUMENT,50,0,0,True
1,951,EXTRA_VERIFICATION,SHARE_DOCUMENT,50,0,1,True
1,952,EXTRA_VERIFICATION,SHARE_DOCUMENT,55,0,0,True
1,953,EXTRA_VERIFICATION,SHARE_DOCUMENT,55,0,1,True
1,954,EXTRA_VERIFICATION,SHARE_DOCUMENT,51,0,0,True
1,955,EXTRA_VERIFICATION,SHARE_DOCUMENT,51,0,1,True
1,956,EXTRA_VERIFICATION,SHARE_DOCUMENT,76,0,0,True
1,957,EXTRA_VERIFICATION,SHARE_DOCUMENT,76,0,1,True
1,958,EXTRA_VERIFICATION,SHARE_DOCUMENT,81,3,0,True
1,959,EXTRA_VERIFICATION,SHARE_DOCUMENT,81,3,1,True
2,960,AUTHORIZATION,SEND_MESSAGE,46,2,0,True
2,961,AUTHORIZATION,SEND_MESSAGE,46,2,1,True
2,962,AUTHORIZATION,SEND_MESSAGE,26,2,0,True
2,963,AUTHORIZATION,SEND_MESSAGE,26,2,1,True
2,964,AUTHORIZATION,SEND_MESSAGE,58,1,0,True
2,965,AUTHORIZATION,SEND_MESSAGE,58,1,1,True
2,966,AUTHORIZATION,SEND_MESSAGE,3,3,0,True
2,967,AUTHORIZATION,SEND_MESSAGE,3,3,1,True
2,968,AUTHORIZATION,SEND_MESSAGE,34,3,0,True
2,969,AUTHORIZATION,SEND_MESSAGE,34,3,1,True
2,970,AUTHORIZATION,SEND_MESSAGE,47,0,0,True
2,971,AUTHORIZATION,SEND_MESSAGE,47,0,1,True
2,972,AUTHORIZATION,SEND_MESSAGE,74,0,0,True
2,973,AUTHORIZATION,SEND_MESSAGE,74,0,1,True
2,974,AUTHORIZATION,SEND_MESSAGE,74,1,0,True
2,975,AUTHORIZATION,SEND_MESSAGE,74,1,1,True
2,976,AUTHORIZATION,SEND_MESSAGE,72,0,0,True
2,977,AUTHORIZATION,SEND_MESSAGE,72,0,1,True
2,978,AUTHORIZATION,SEND_MESSAGE,79,3,0,True
2,979,AUTHORIZATION,SEND_MESSAGE,79,3,1,True
2,980,AUTHORIZATION,SEND_MESSAGE,47,1,0,True
2,981,AUTHORIZATION,SEND_MESSAGE,47,1,1,True
2,982,AUTHORIZATION,SEND_MESSAGE,87,2,0,True
2,983,AUTHORIZATION,SEND_MESSAGE,87,2,1,True
2,984,AUTHORIZATION,SEND_MESSAGE,37,1,0,True
2,985,AUTHORIZATION,SEND_MESSAGE,37,1,1,True
2,986,AUTHORIZATION,SEND_MESSAGE,87,0,0,True
2,987,AUTHORIZATION,SEND_MESSAGE,87,0,1,True
2,988,AUTHORIZATION,SEND_MESSAGE,2,3,0,True
2,989,AUTHORIZATION,SEND_MESSAGE,2,3,1,True
2,990,AUTHORIZATION,SEND_MESSAGE,40,2,0,True
2,991,AUTHORIZATION,SEND_MESSAGE,40,2,1,True
2,992,AUTHORIZATION,SEND_MESSAGE,78,0,0,True
2,993,AUTHORIZATION,SEND_MESSAGE,78,0,1,True
2,994,AUTHORIZATION,SEND_MESSAGE,11,1,0,True
2,995,AUTHORIZATION,SEND_MESSAGE,11,1,1,True
2,996,AUTHORIZATION,SEND_MESSAGE,4,0,0,True
2,997,AUTHORIZATION,SEND_MESSAGE,4,0,1,True
2,998,AUTHORIZATION,SEND_MESSAGE,6,0,0,True
2,999,AUTHORIZATION,SEND_MESSAGE,6,0,1,True
2,1000,AUTHORIZATION,SEND_MESSAGE,80,1,0,True
2,1001,AUTHORIZATION,SEND_MESSAGE,80,1,1,True
2,1002,AUTHORIZATION,SEND_MESSAGE,73,3,0,True
2,1003,AUTHORIZATION,SEND_MESSAGE,73,3,1,True
2,1004,AUTHORIZATION,SEND_MESSAGE,46,2,0,True
2,1005,AUTHORIZATION,SEND_MESSAGE,46,2,1,True
2,1006,AUTHORIZATION,SEND_MESSAGE,17,2,0,True
2,1007,AUTHORIZATION,SEND_MESSAGE,17,2,1,True
2,1008,AUTHORIZATION,SEND_MESSAGE,70,3,0,True
2,1009,AUTHORIZATION,SEND_MESSAGE,70,3,1,True
2,1010,AUTHORIZATION,SEND_MESSAGE,59,0,0,True
2,1011,AUTHORIZATION,SEND_MESSAGE,59,0,1,True
2,1012,AUTHORIZATION,SEND_MESSAGE,91,0,0,True
2,1013,AUTHORIZATION,SEND_MESSAGE,91,0,1,True
2,1014,AUTHORIZATION,SEND_MESSAGE,63,1,0,True
2,1015,AUTHORIZATION,SEND_MESSAGE,63,1,1,True
2,1016,AUTHORIZATION,SEND_MESSAGE,80,3,0,True
2,1017,AUTHORIZATION,SEND_MESSAGE,80,3,1,True
2,1018,AUTHORIZATION,SEND_MESSAGE,38,0,0,True
2,1019,AUTHORIZATION,SEND_MESSAGE,38,0,1,True
2,1020,AUTHORIZATION,SEND_MESSAGE,83,1,0,True
2,1021,AUTHORIZATION,SEND_MESSAGE,83,1,1,True
2,1022,AUTHORIZATION,SEND_MESSAGE,16,2,0,True
2,1023,AUTHORIZATION,SEND_MESSAGE,16,2,1,True
2,1024,AUTHORIZATION,SEND_MESSAGE,33,0,0,True
2,1025,AUTHORIZATION,SEND_MESSAGE,33,0,1,True
2,1026,AUTHORIZATION,SEND_MESSAGE,84,2,0,True
2,1027,AUTHORIZATION,SEND_MESSAGE,84,2,1,True
2,1028,AUTHORIZATION,SEND_MESSAGE,4,1,0,True
2,1029,AUTHORIZATION,SEND_MESSAGE,4,1,1,True
2,1030,AUTHORIZATION,SEND_MESSAGE,53,1,0,True
2,1031,AUTHORIZATION,SEND_MESSAGE,53,1,1,True
2,1032,AUTHORIZATION,SEND_MESSAGE,8,3,0,True
2,1033,AUTHORIZATION,SEND_MESSAGE,8,3,1,True
2,1034,AUTHORIZATION,SEND_MESSAGE,67,2,0,True
2,1035,AUTHORIZATION,SEND_MESSAGE,67,2,1,True
2,1036,AUTHORIZATION,SEND_MESSAGE,28,3,0,True
2,1037,AUTHORIZATION,SEND_MESSAGE,28,3,1,True
2,1038,AUTHORIZATION,SEND_MESSAGE,71,1,0,True
2,1039,AUTHORIZATION,SEND_MESSAGE,71,1,1,True
2,1040,AUTHORIZATION,SHARE_DOCUMENT,3,1,0,True
2,1041,AUTHORIZATION,SHARE_DOCUMENT,3,1,1,True
2,1042,AUTHORIZATION,SHARE_DOCUMENT,58,1,0,True
2,1043,AUTHORIZATION,SHARE_DOCUMENT,58,1,1,True
2,1044,AUTHORIZATION,SHARE_DOCUMENT,20,0,0,True
2,1045,AUTHORIZATION,SHARE_DOCUMENT,20,0,1,True
2,1046,AUTHORIZATION,SHARE_DOCUMENT,41,1,0,True
2,1047,AUTHORIZATION,SHARE_DOCUMENT,41,1,1,True
2,1048,AUTHORIZATION,SHARE_DOCUMENT,87,1,0,True
2,1049,AUTHORIZATION,SHARE_DOCUMENT,87,1,1,True
2,1050,AUTHORIZATION,SHARE_DOCUMENT,76,3,0,True
2,1051,AUTHORIZATION,SHARE_DOCUMENT,76,3,1,True
2,1052,AUTHORIZATION,SHARE_DOCUMENT,35,1,0,True
2,1053,AUTHORIZATION,SHARE_DOCUMENT,35,1,1,True
2,1054,AUTHORIZATION,SHARE_DOCUMENT,89,0,0,True
2,1055,AUTHORIZATION,SHARE_DOCUMENT,89,0,1,True
2,1056,AUTHORIZATION,SHARE_DOCUMENT,60,3,0,True
2,1057,AUTHORIZATION,SHARE_DOCUMENT,60,3,1,True
2,1058,AUTHORIZATION,SHARE_DOCUMENT,26,0,0,True
2,1059,AUTHORIZATION,SHARE_DOCUMENT,26,0,1,True
2,1060,AUTHORIZATION,SHARE_DOCUMENT,33,3,0,True
2,1061,AUTHORIZATION,SHARE_DOCUMENT,33,3,1,True
2,1062,AUTHORIZATION,SHARE_DOCUMENT,46,0,0,True
2,1063,AUTHORIZATION,SHARE_DOCUMENT,46,0,1,True
2,1064,AUTHORIZATION,SHARE_DOCUMENT,69,1,0,True
2,1065,AUTHORIZATION,SHARE_DOCUMENT,69,1,1,True
2,1066,AUTHORIZATION,SHARE_DOCUMENT,61,1,0,True
2,1067,AUTHORIZATION,SHARE_DOCUMENT,61,1,1,True
2,1068,AUTHORIZATION,SHARE_DOCUMENT,94,1,0,True
2,1069,AUTHORIZATION,SHARE_DOCUMENT,94,1,1,True
2,1070,AUTHORIZATION,SHARE_DOCUMENT,21,3,0,True
2,1071,AUTHORIZATION,SHARE_DOCUMENT,21,3,1,True
2,1072,AUTHORIZATION,SHARE_DOCUMENT,8,0,0,True
2,1073,AUTHORIZATION,SHARE_DOCUMENT,8,0,1,True
2,1074,AUTHORIZATION,SHARE_DOCUMENT,75,2,0,True
2,1075,AUTHORIZATION,SHARE_DOCUMENT,75,2,1,True
2,1076,AUTHORIZATION,SHARE_DOCUMENT,79,3,0,True
2,1077,AUTHORIZATION,SHARE_DOCUMENT,79,3,1,True
2,1078,AUTHORIZATION,SHARE_DOCUMENT,89,1,0,True
2,1079,AUTHORIZATION,SHARE_DOCUMENT,89,1,1,True
2,1080,AUTHORIZATION,SHARE_DOCUMENT,67,2,0,True
2,1081,AUTHORIZATION,SHARE_DOCUMENT,67,2,1,True
2,1082,AUTHORIZATION,SHARE_DOCUMENT,42,1,0,True
2,1083,AUTHORIZATION,SHARE_DOCUMENT,42,1,1,True
2,1084,AUTHORIZATION,SHARE_DOCUMENT,75,0,0,True
2,1085,AUTHORIZATION,SHARE_DOCUMENT,75,0,1,True
2,1086,AUTHORIZATION,SHARE_DOCUMENT,93,1,0,True
2,1087,AUTHORIZATION,SHARE_DOCUMENT,93,1,1,True
2,1088,AUTHORIZATION,SHARE_DOCUMENT,36,0,0,True
2,1089,AUTHORIZATION,SHARE_DOCUMENT,36,0,1,True
2,1090,AUTHORIZATION,SHARE_DOCUMENT,79,2,0,True
2,1091,AUTHORIZATION,SHARE_DOCUMENT,79,2,1,True
2,1092,AUTHORIZATION,SHARE_DOCUMENT,27,0,0,True
2,1093,AUTHORIZATION,SHARE_DOCUMENT,27,0,1,True
2,1094,AUTHORIZATION,SHARE_DOCUMENT,66,3,0,True
2,1095,AUTHORIZATION,SHARE_DOCUMENT,66,3,1,True
2,1096,AUTHORIZATION,SHARE_DOCUMENT,68,2,0,True
2,1097,AUTHORIZATION,SHARE_DOCUMENT,68,2,1,True
2,1098,AUTHORIZATION,SHARE_DOCUMENT,46,0,0,True
2,1099,AUTHORIZATION,SHARE_DOCUMENT,46,0,1,True
2,1100,AUTHORIZATION,SHARE_DOCUMENT,68,0,0,True
2,1101,AUTHORIZATION,SHARE_DOCUMENT,68,0,1,True
2,1102,AUTHORIZATION,SHARE_DOCUMENT,1,2,0,True
2,1103,AUTHORIZATION,SHARE_DOCUMENT,1,2,1,True
2,1104,AUTHORIZATION,SHARE_DOCUMENT,82,3,0,True
2,1105,AUTHORIZATION,SHARE_DOCUMENT,82,3,1,True
2,1106,AUTHORIZATION,SHARE_DOCUMENT,38,1,0,True
2,1107,AUTHORIZATION,SHARE_DOCUMENT,38,1,1,True
2,1108,AUTHORIZATION,SHARE_DOCUMENT,57,3,0,True
2,1109,AUTHORIZATION,SHARE_DOCUMENT,57,3,1,True
2,1110,AUTHORIZATION,SHARE_DOCUMENT,19,2,0,True
2,1111,AUTHORIZATION,SHARE_DOCUMENT,19,2,1,True
2,1112,AUTHORIZATION,SHARE_DOCUMENT,52,1,0,True
2,1113,AUTHORIZATION,SHARE_DOCUMENT,52,1,1,True
2,1114,AUTHORIZATION,SHARE_DOCUMENT,35,2,0,True
2,1115,AUTHORIZATION,SHARE_DOCUMENT,35,2,1,True
2,1116,AUTHORIZATION,SHARE_DOCUMENT,85,0,0,True
2,1117,AUTHORIZATION,SHARE_DOCUMENT,85,0,1,True
2,1118,AUTHORIZATION,SHARE_DOCUMENT,42,0,0,True
2,1119,AUTHORIZATION,SHARE_DOCUMENT,42,0,1,True
2,1120,PROVENANCE,SEND_MESSAGE,47,0,0,True
2,1121,PROVENANCE,SEND_MESSAGE,47,0,1,True
2,1122,PROVENANCE,SEND_MESSAGE,34,2,0,True
2,1123,PROVENANCE,SEND_MESSAGE,34,2,1,True
2,1124,PROVENANCE,SEND_MESSAGE,18,3,0,True
2,1125,PROVENANCE,SEND_MESSAGE,18,3,1,True
2,1126,PROVENANCE,SEND_MESSAGE,41,0,0,True
2,1127,PROVENANCE,SEND_MESSAGE,41,0,1,True
2,1128,PROVENANCE,SEND_MESSAGE,49,2,0,True
2,1129,PROVENANCE,SEND_MESSAGE,49,2,1,True
2,1130,PROVENANCE,SEND_MESSAGE,78,1,0,True
2,1131,PROVENANCE,SEND_MESSAGE,78,1,1,True
2,1132,PROVENANCE,SEND_MESSAGE,92,2,0,True
2,1133,PROVENANCE,SEND_MESSAGE,92,2,1,True
2,1134,PROVENANCE,SEND_MESSAGE,64,0,0,True
2,1135,PROVENANCE,SEND_MESSAGE,64,0,1,True
2,1136,PROVENANCE,SEND_MESSAGE,58,1,0,True
2,1137,PROVENANCE,SEND_MESSAGE,58,1,1,True
2,1138,PROVENANCE,SEND_MESSAGE,43,3,0,True
2,1139,PROVENANCE,SEND_MESSAGE,43,3,1,True
2,1140,PROVENANCE,SEND_MESSAGE,73,2,0,True
2,1141,PROVENANCE,SEND_MESSAGE,73,2,1,True
2,1142,PROVENANCE,SEND_MESSAGE,66,3,0,True
2,1143,PROVENANCE,SEND_MESSAGE,66,3,1,True
2,1144,PROVENANCE,SEND_MESSAGE,47,1,0,True
2,1145,PROVENANCE,SEND_MESSAGE,47,1,1,True
2,1146,PROVENANCE,SEND_MESSAGE,76,2,0,True
2,1147,PROVENANCE,SEND_MESSAGE,76,2,1,True
2,1148,PROVENANCE,SEND_MESSAGE,8,0,0,True
2,1149,PROVENANCE,SEND_MESSAGE,8,0,1,True
2,1150,PROVENANCE,SEND_MESSAGE,66,0,0,True
2,1151,PROVENANCE,SEND_MESSAGE,66,0,1,True
2,1152,PROVENANCE,SEND_MESSAGE,13,2,0,True
2,1153,PROVENANCE,SEND_MESSAGE,13,2,1,True
2,1154,PROVENANCE,SEND_MESSAGE,43,2,0,True
2,1155,PROVENANCE,SEND_MESSAGE,43,2,1,True
2,1156,PROVENANCE,SEND_MESSAGE,41,3,0,True
2,1157,PROVENANCE,SEND_MESSAGE,41,3,1,True
2,1158,PROVENANCE,SEND_MESSAGE,38,3,0,True
2,1159,PROVENANCE,SEND_MESSAGE,38,3,1,True
2,1160,PROVENANCE,SEND_MESSAGE,27,1,0,True
2,1161,PROVENANCE,SEND_MESSAGE,27,1,1,True
2,1162,PROVENANCE,SEND_MESSAGE,52,0,0,True
2,1163,PROVENANCE,SEND_MESSAGE,52,0,1,True
2,1164,PROVENANCE,SEND_MESSAGE,95,0,0,True
2,1165,PROVENANCE,SEND_MESSAGE,95,0,1,True
2,1166,PROVENANCE,SEND_MESSAGE,0,0,0,True
2,1167,PROVENANCE,SEND_MESSAGE,0,0,1,True
2,1168,PROVENANCE,SEND_MESSAGE,75,2,0,True
2,1169,PROVENANCE,SEND_MESSAGE,75,2,1,True
2,1170,PROVENANCE,SEND_MESSAGE,56,2,0,True
2,1171,PROVENANCE,SEND_MESSAGE,56,2,1,True
2,1172,PROVENANCE,SEND_MESSAGE,1,3,0,True
2,1173,PROVENANCE,SEND_MESSAGE,1,3,1,True
2,1174,PROVENANCE,SEND_MESSAGE,32,0,0,True
2,1175,PROVENANCE,SEND_MESSAGE,32,0,1,True
2,1176,PROVENANCE,SEND_MESSAGE,32,3,0,True
2,1177,PROVENANCE,SEND_MESSAGE,32,3,1,True
2,1178,PROVENANCE,SEND_MESSAGE,23,1,0,True
2,1179,PROVENANCE,SEND_MESSAGE,23,1,1,True
2,1180,PROVENANCE,SEND_MESSAGE,49,1,0,True
2,1181,PROVENANCE,SEND_MESSAGE,49,1,1,True
2,1182,PROVENANCE,SEND_MESSAGE,74,1,0,True
2,1183,PROVENANCE,SEND_MESSAGE,74,1,1,True
2,1184,PROVENANCE,SEND_MESSAGE,16,1,0,True
2,1185,PROVENANCE,SEND_MESSAGE,16,1,1,True
2,1186,PROVENANCE,SEND_MESSAGE,48,3,0,True
2,1187,PROVENANCE,SEND_MESSAGE,48,3,1,True
2,1188,PROVENANCE,SEND_MESSAGE,86,1,0,True
2,1189,PROVENANCE,SEND_MESSAGE,86,1,1,True
2,1190,PROVENANCE,SEND_MESSAGE,34,2,0,True
2,1191,PROVENANCE,SEND_MESSAGE,34,2,1,True
2,1192,PROVENANCE,SEND_MESSAGE,44,0,0,True
2,1193,PROVENANCE,SEND_MESSAGE,44,0,1,True
2,1194,PROVENANCE,SEND_MESSAGE,72,2,0,True
2,1195,PROVENANCE,SEND_MESSAGE,72,2,1,True
2,1196,PROVENANCE,SEND_MESSAGE,64,3,0,True
2,1197,PROVENANCE,SEND_MESSAGE,64,3,1,True
2,1198,PROVENANCE,SEND_MESSAGE,18,3,0,True
2,1199,PROVENANCE,SEND_MESSAGE,18,3,1,True
2,1200,PROVENANCE,SHARE_DOCUMENT,4,0,0,True
2,1201,PROVENANCE,SHARE_DOCUMENT,4,0,1,True
2,1202,PROVENANCE,SHARE_DOCUMENT,14,1,0,True
2,1203,PROVENANCE,SHARE_DOCUMENT,14,1,1,True
2,1204,PROVENANCE,SHARE_DOCUMENT,47,1,0,True
2,1205,PROVENANCE,SHARE_DOCUMENT,47,1,1,True
2,1206,PROVENANCE,SHARE_DOCUMENT,70,0,0,True
2,1207,PROVENANCE,SHARE_DOCUMENT,70,0,1,True
2,1208,PROVENANCE,SHARE_DOCUMENT,72,2,0,True
2,1209,PROVENANCE,SHARE_DOCUMENT,72,2,1,True
2,1210,PROVENANCE,SHARE_DOCUMENT,72,3,0,True
2,1211,PROVENANCE,SHARE_DOCUMENT,72,3,1,True
2,1212,PROVENANCE,SHARE_DOCUMENT,3,0,0,True
2,1213,PROVENANCE,SHARE_DOCUMENT,3,0,1,True
2,1214,PROVENANCE,SHARE_DOCUMENT,14,3,0,True
2,1215,PROVENANCE,SHARE_DOCUMENT,14,3,1,True
2,1216,PROVENANCE,SHARE_DOCUMENT,24,1,0,True
2,1217,PROVENANCE,SHARE_DOCUMENT,24,1,1,True
2,1218,PROVENANCE,SHARE_DOCUMENT,3,0,0,True
2,1219,PROVENANCE,SHARE_DOCUMENT,3,0,1,True
2,1220,PROVENANCE,SHARE_DOCUMENT,56,0,0,True
2,1221,PROVENANCE,SHARE_DOCUMENT,56,0,1,True
2,1222,PROVENANCE,SHARE_DOCUMENT,89,0,0,True
2,1223,PROVENANCE,SHARE_DOCUMENT,89,0,1,True
2,1224,PROVENANCE,SHARE_DOCUMENT,25,0,0,True
2,1225,PROVENANCE,SHARE_DOCUMENT,25,0,1,True
2,1226,PROVENANCE,SHARE_DOCUMENT,55,0,0,True
2,1227,PROVENANCE,SHARE_DOCUMENT,55,0,1,True
2,1228,PROVENANCE,SHARE_DOCUMENT,75,2,0,True
2,1229,PROVENANCE,SHARE_DOCUMENT,75,2,1,True
2,1230,PROVENANCE,SHARE_DOCUMENT,65,3,0,True
2,1231,PROVENANCE,SHARE_DOCUMENT,65,3,1,True
2,1232,PROVENANCE,SHARE_DOCUMENT,76,0,0,True
2,1233,PROVENANCE,SHARE_DOCUMENT,76,0,1,True
2,1234,PROVENANCE,SHARE_DOCUMENT,10,2,0,True
2,1235,PROVENANCE,SHARE_DOCUMENT,10,2,1,True
2,1236,PROVENANCE,SHARE_DOCUMENT,15,3,0,True
2,1237,PROVENANCE,SHARE_DOCUMENT,15,3,1,True
2,1238,PROVENANCE,SHARE_DOCUMENT,22,0,0,True
2,1239,PROVENANCE,SHARE_DOCUMENT,22,0,1,True
2,1240,PROVENANCE,SHARE_DOCUMENT,9,2,0,True
2,1241,PROVENANCE,SHARE_DOCUMENT,9,2,1,True
2,1242,PROVENANCE,SHARE_DOCUMENT,65,0,0,True
2,1243,PROVENANCE,SHARE_DOCUMENT,65,0,1,True
2,1244,PROVENANCE,SHARE_DOCUMENT,19,1,0,True
2,1245,PROVENANCE,SHARE_DOCUMENT,19,1,1,True
2,1246,PROVENANCE,SHARE_DOCUMENT,51,3,0,True
2,1247,PROVENANCE,SHARE_DOCUMENT,51,3,1,True
2,1248,PROVENANCE,SHARE_DOCUMENT,61,2,0,True
2,1249,PROVENANCE,SHARE_DOCUMENT,61,2,1,True
2,1250,PROVENANCE,SHARE_DOCUMENT,56,1,0,True
2,1251,PROVENANCE,SHARE_DOCUMENT,56,1,1,True
2,1252,PROVENANCE,SHARE_DOCUMENT,52,0,0,True
2,1253,PROVENANCE,SHARE_DOCUMENT,52,0,1,True
2,1254,PROVENANCE,SHARE_DOCUMENT,18,1,0,True
2,1255,PROVENANCE,SHARE_DOCUMENT,18,1,1,True
2,1256,PROVENANCE,SHARE_DOCUMENT,85,0,0,True
2,1257,PROVENANCE,SHARE_DOCUMENT,85,0,1,True
2,1258,PROVENANCE,SHARE_DOCUMENT,90,1,0,True
2,1259,PROVENANCE,SHARE_DOCUMENT,90,1,1,True
2,1260,PROVENANCE,SHARE_DOCUMENT,59,0,0,True
2,1261,PROVENANCE,SHARE_DOCUMENT,59,0,1,True
2,1262,PROVENANCE,SHARE_DOCUMENT,74,1,0,True
2,1263,PROVENANCE,SHARE_DOCUMENT,74,1,1,True
2,1264,PROVENANCE,SHARE_DOCUMENT,11,1,0,True
2,1265,PROVENANCE,SHARE_DOCUMENT,11,1,1,True
2,1266,PROVENANCE,SHARE_DOCUMENT,23,2,0,True
2,1267,PROVENANCE,SHARE_DOCUMENT,23,2,1,True
2,1268,PROVENANCE,SHARE_DOCUMENT,58,3,0,True
2,1269,PROVENANCE,SHARE_DOCUMENT,58,3,1,True
2,1270,PROVENANCE,SHARE_DOCUMENT,22,0,0,True
2,1271,PROVENANCE,SHARE_DOCUMENT,22,0,1,True
2,1272,PROVENANCE,SHARE_DOCUMENT,31,1,0,True
2,1273,PROVENANCE,SHARE_DOCUMENT,31,1,1,True
2,1274,PROVENANCE,SHARE_DOCUMENT,75,2,0,True
2,1275,PROVENANCE,SHARE_DOCUMENT,75,2,1,True
2,1276,PROVENANCE,SHARE_DOCUMENT,38,2,0,True
2,1277,PROVENANCE,SHARE_DOCUMENT,38,2,1,True
2,1278,PROVENANCE,SHARE_DOCUMENT,9,0,0,True
2,1279,PROVENANCE,SHARE_DOCUMENT,9,0,1,True
2,1280,EXTRA_VERIFICATION,SEND_MESSAGE,49,0,0,True
2,1281,EXTRA_VERIFICATION,SEND_MESSAGE,49,0,1,True
2,1282,EXTRA_VERIFICATION,SEND_MESSAGE,52,1,0,True
2,1283,EXTRA_VERIFICATION,SEND_MESSAGE,52,1,1,True
2,1284,EXTRA_VERIFICATION,SEND_MESSAGE,93,3,0,True
2,1285,EXTRA_VERIFICATION,SEND_MESSAGE,93,3,1,True
2,1286,EXTRA_VERIFICATION,SEND_MESSAGE,69,0,0,True
2,1287,EXTRA_VERIFICATION,SEND_MESSAGE,69,0,1,True
2,1288,EXTRA_VERIFICATION,SEND_MESSAGE,70,0,0,True
2,1289,EXTRA_VERIFICATION,SEND_MESSAGE,70,0,1,True
2,1290,EXTRA_VERIFICATION,SEND_MESSAGE,80,1,0,True
2,1291,EXTRA_VERIFICATION,SEND_MESSAGE,80,1,1,True
2,1292,EXTRA_VERIFICATION,SEND_MESSAGE,77,1,0,True
2,1293,EXTRA_VERIFICATION,SEND_MESSAGE,77,1,1,True
2,1294,EXTRA_VERIFICATION,SEND_MESSAGE,74,1,0,True
2,1295,EXTRA_VERIFICATION,SEND_MESSAGE,74,1,1,True
2,1296,EXTRA_VERIFICATION,SEND_MESSAGE,91,3,0,True
2,1297,EXTRA_VERIFICATION,SEND_MESSAGE,91,3,1,True
2,1298,EXTRA_VERIFICATION,SEND_MESSAGE,21,3,0,True
2,1299,EXTRA_VERIFICATION,SEND_MESSAGE,21,3,1,True
2,1300,EXTRA_VERIFICATION,SEND_MESSAGE,74,1,0,True
2,1301,EXTRA_VERIFICATION,SEND_MESSAGE,74,1,1,True
2,1302,EXTRA_VERIFICATION,SEND_MESSAGE,90,0,0,True
2,1303,EXTRA_VERIFICATION,SEND_MESSAGE,90,0,1,True
2,1304,EXTRA_VERIFICATION,SEND_MESSAGE,58,2,0,True
2,1305,EXTRA_VERIFICATION,SEND_MESSAGE,58,2,1,True
2,1306,EXTRA_VERIFICATION,SEND_MESSAGE,6,0,0,True
2,1307,EXTRA_VERIFICATION,SEND_MESSAGE,6,0,1,True
2,1308,EXTRA_VERIFICATION,SEND_MESSAGE,31,2,0,True
2,1309,EXTRA_VERIFICATION,SEND_MESSAGE,31,2,1,True
2,1310,EXTRA_VERIFICATION,SEND_MESSAGE,63,0,0,True
2,1311,EXTRA_VERIFICATION,SEND_MESSAGE,63,0,1,True
2,1312,EXTRA_VERIFICATION,SEND_MESSAGE,26,0,0,True
2,1313,EXTRA_VERIFICATION,SEND_MESSAGE,26,0,1,True
2,1314,EXTRA_VERIFICATION,SEND_MESSAGE,69,0,0,True
2,1315,EXTRA_VERIFICATION,SEND_MESSAGE,69,0,1,True
2,1316,EXTRA_VERIFICATION,SEND_MESSAGE,36,1,0,True
2,1317,EXTRA_VERIFICATION,SEND_MESSAGE,36,1,1,True
2,1318,EXTRA_VERIFICATION,SEND_MESSAGE,34,3,0,True
2,1319,EXTRA_VERIFICATION,SEND_MESSAGE,34,3,1,True
2,1320,EXTRA_VERIFICATION,SEND_MESSAGE,74,0,0,True
2,1321,EXTRA_VERIFICATION,SEND_MESSAGE,74,0,1,True
2,1322,EXTRA_VERIFICATION,SEND_MESSAGE,91,0,0,True
2,1323,EXTRA_VERIFICATION,SEND_MESSAGE,91,0,1,True
2,1324,EXTRA_VERIFICATION,SEND_MESSAGE,41,0,0,True
2,1325,EXTRA_VERIFICATION,SEND_MESSAGE,41,0,1,True
2,1326,EXTRA_VERIFICATION,SEND_MESSAGE,94,2,0,True
2,1327,EXTRA_VERIFICATION,SEND_MESSAGE,94,2,1,True
2,1328,EXTRA_VERIFICATION,SEND_MESSAGE,56,3,0,True
2,1329,EXTRA_VERIFICATION,SEND_MESSAGE,56,3,1,True
2,1330,EXTRA_VERIFICATION,SEND_MESSAGE,12,3,0,True
2,1331,EXTRA_VERIFICATION,SEND_MESSAGE,12,3,1,True
2,1332,EXTRA_VERIFICATION,SEND_MESSAGE,17,0,0,True
2,1333,EXTRA_VERIFICATION,SEND_MESSAGE,17,0,1,True
2,1334,EXTRA_VERIFICATION,SEND_MESSAGE,7,1,0,True
2,1335,EXTRA_VERIFICATION,SEND_MESSAGE,7,1,1,True
2,1336,EXTRA_VERIFICATION,SEND_MESSAGE,39,1,0,True
2,1337,EXTRA_VERIFICATION,SEND_MESSAGE,39,1,1,True
2,1338,EXTRA_VERIFICATION,SEND_MESSAGE,79,2,0,True
2,1339,EXTRA_VERIFICATION,SEND_MESSAGE,79,2,1,True
2,1340,EXTRA_VERIFICATION,SEND_MESSAGE,32,2,0,True
2,1341,EXTRA_VERIFICATION,SEND_MESSAGE,32,2,1,True
2,1342,EXTRA_VERIFICATION,SEND_MESSAGE,4,3,0,True
2,1343,EXTRA_VERIFICATION,SEND_MESSAGE,4,3,1,True
2,1344,EXTRA_VERIFICATION,SEND_MESSAGE,91,1,0,True
2,1345,EXTRA_VERIFICATION,SEND_MESSAGE,91,1,1,True
2,1346,EXTRA_VERIFICATION,SEND_MESSAGE,88,1,0,True
2,1347,EXTRA_VERIFICATION,SEND_MESSAGE,88,1,1,True
2,1348,EXTRA_VERIFICATION,SEND_MESSAGE,92,0,0,True
2,1349,EXTRA_VERIFICATION,SEND_MESSAGE,92,0,1,True
2,1350,EXTRA_VERIFICATION,SEND_MESSAGE,69,3,0,True
2,1351,EXTRA_VERIFICATION,SEND_MESSAGE,69,3,1,True
2,1352,EXTRA_VERIFICATION,SEND_MESSAGE,82,1,0,True
2,1353,EXTRA_VERIFICATION,SEND_MESSAGE,82,1,1,True
2,1354,EXTRA_VERIFICATION,SEND_MESSAGE,76,0,0,True
2,1355,EXTRA_VERIFICATION,SEND_MESSAGE,76,0,1,True
2,1356,EXTRA_VERIFICATION,SEND_MESSAGE,78,0,0,True
2,1357,EXTRA_VERIFICATION,SEND_MESSAGE,78,0,1,True
2,1358,EXTRA_VERIFICATION,SEND_MESSAGE,40,0,0,True
2,1359,EXTRA_VERIFICATION,SEND_MESSAGE,40,0,1,True
2,1360,EXTRA_VERIFICATION,SHARE_DOCUMENT,78,0,0,True
2,1361,EXTRA_VERIFICATION,SHARE_DOCUMENT,78,0,1,True
2,1362,EXTRA_VERIFICATION,SHARE_DOCUMENT,85,0,0,True
2,1363,EXTRA_VERIFICATION,SHARE_DOCUMENT,85,0,1,True
2,1364,EXTRA_VERIFICATION,SHARE_DOCUMENT,12,1,0,True
2,1365,EXTRA_VERIFICATION,SHARE_DOCUMENT,12,1,1,True
2,1366,EXTRA_VERIFICATION,SHARE_DOCUMENT,44,0,0,True
2,1367,EXTRA_VERIFICATION,SHARE_DOCUMENT,44,0,1,True
2,1368,EXTRA_VERIFICATION,SHARE_DOCUMENT,34,2,0,True
2,1369,EXTRA_VERIFICATION,SHARE_DOCUMENT,34,2,1,True
2,1370,EXTRA_VERIFICATION,SHARE_DOCUMENT,77,1,0,True
2,1371,EXTRA_VERIFICATION,SHARE_DOCUMENT,77,1,1,True
2,1372,EXTRA_VERIFICATION,SHARE_DOCUMENT,67,1,0,True
2,1373,EXTRA_VERIFICATION,SHARE_DOCUMENT,67,1,1,True
2,1374,EXTRA_VERIFICATION,SHARE_DOCUMENT,8,0,0,True
2,1375,EXTRA_VERIFICATION,SHARE_DOCUMENT,8,0,1,True
2,1376,EXTRA_VERIFICATION,SHARE_DOCUMENT,28,1,0,True
2,1377,EXTRA_VERIFICATION,SHARE_DOCUMENT,28,1,1,True
2,1378,EXTRA_VERIFICATION,SHARE_DOCUMENT,32,3,0,True
2,1379,EXTRA_VERIFICATION,SHARE_DOCUMENT,32,3,1,True
2,1380,EXTRA_VERIFICATION,SHARE_DOCUMENT,26,0,0,True
2,1381,EXTRA_VERIFICATION,SHARE_DOCUMENT,26,0,1,True
2,1382,EXTRA_VERIFICATION,SHARE_DOCUMENT,46,2,0,True
2,1383,EXTRA_VERIFICATION,SHARE_DOCUMENT,46,2,1,True
2,1384,EXTRA_VERIFICATION,SHARE_DOCUMENT,85,2,0,True
2,1385,EXTRA_VERIFICATION,SHARE_DOCUMENT,85,2,1,True
2,1386,EXTRA_VERIFICATION,SHARE_DOCUMENT,26,2,0,True
2,1387,EXTRA_VERIFICATION,SHARE_DOCUMENT,26,2,1,True
2,1388,EXTRA_VERIFICATION,SHARE_DOCUMENT,52,3,0,True
2,1389,EXTRA_VERIFICATION,SHARE_DOCUMENT,52,3,1,True
2,1390,EXTRA_VERIFICATION,SHARE_DOCUMENT,3,3,0,True
2,1391,EXTRA_VERIFICATION,SHARE_DOCUMENT,3,3,1,True
2,1392,EXTRA_VERIFICATION,SHARE_DOCUMENT,93,0,0,True
2,1393,EXTRA_VERIFICATION,SHARE_DOCUMENT,93,0,1,True
2,1394,EXTRA_VERIFICATION,SHARE_DOCUMENT,87,2,0,True
2,1395,EXTRA_VERIFICATION,SHARE_DOCUMENT,87,2,1,True
2,1396,EXTRA_VERIFICATION,SHARE_DOCUMENT,83,1,0,True
2,1397,EXTRA_VERIFICATION,SHARE_DOCUMENT,83,1,1,True
2,1398,EXTRA_VERIFICATION,SHARE_DOCUMENT,48,3,0,True
2,1399,EXTRA_VERIFICATION,SHARE_DOCUMENT,48,3,1,True
2,1400,EXTRA_VERIFICATION,SHARE_DOCUMENT,46,1,0,True
2,1401,EXTRA_VERIFICATION,SHARE_DOCUMENT,46,1,1,True
2,1402,EXTRA_VERIFICATION,SHARE_DOCUMENT,42,3,0,True
2,1403,EXTRA_VERIFICATION,SHARE_DOCUMENT,42,3,1,True
2,1404,EXTRA_VERIFICATION,SHARE_DOCUMENT,62,1,0,True
2,1405,EXTRA_VERIFICATION,SHARE_DOCUMENT,62,1,1,True
2,1406,EXTRA_VERIFICATION,SHARE_DOCUMENT,23,3,0,True
2,1407,EXTRA_VERIFICATION,SHARE_DOCUMENT,23,3,1,True
2,1408,EXTRA_VERIFICATION,SHARE_DOCUMENT,29,2,0,True
2,1409,EXTRA_VERIFICATION,SHARE_DOCUMENT,29,2,1,True
2,1410,EXTRA_VERIFICATION,SHARE_DOCUMENT,48,3,0,True
2,1411,EXTRA_VERIFICATION,SHARE_DOCUMENT,48,3,1,True
2,1412,EXTRA_VERIFICATION,SHARE_DOCUMENT,3,0,0,True
2,1413,EXTRA_VERIFICATION,SHARE_DOCUMENT,3,0,1,True
2,1414,EXTRA_VERIFICATION,SHARE_DOCUMENT,52,2,0,True
2,1415,EXTRA_VERIFICATION,SHARE_DOCUMENT,52,2,1,True
2,1416,EXTRA_VERIFICATION,SHARE_DOCUMENT,18,2,0,True
2,1417,EXTRA_VERIFICATION,SHARE_DOCUMENT,18,2,1,True
2,1418,EXTRA_VERIFICATION,SHARE_DOCUMENT,10,1,0,True
2,1419,EXTRA_VERIFICATION,SHARE_DOCUMENT,10,1,1,True
2,1420,EXTRA_VERIFICATION,SHARE_DOCUMENT,31,3,0,True
2,1421,EXTRA_VERIFICATION,SHARE_DOCUMENT,31,3,1,True
2,1422,EXTRA_VERIFICATION,SHARE_DOCUMENT,87,3,0,True
2,1423,EXTRA_VERIFICATION,SHARE_DOCUMENT,87,3,1,True
2,1424,EXTRA_VERIFICATION,SHARE_DOCUMENT,31,0,0,True
2,1425,EXTRA_VERIFICATION,SHARE_DOCUMENT,31,0,1,True
2,1426,EXTRA_VERIFICATION,SHARE_DOCUMENT,22,0,0,True
2,1427,EXTRA_VERIFICATION,SHARE_DOCUMENT,22,0,1,True
2,1428,EXTRA_VERIFICATION,SHARE_DOCUMENT,44,1,0,True
2,1429,EXTRA_VERIFICATION,SHARE_DOCUMENT,44,1,1,True
2,1430,EXTRA_VERIFICATION,SHARE_DOCUMENT,1,2,0,True
2,1431,EXTRA_VERIFICATION,SHARE_DOCUMENT,1,2,1,True
2,1432,EXTRA_VERIFICATION,SHARE_DOCUMENT,4,2,0,True
2,1433,EXTRA_VERIFICATION,SHARE_DOCUMENT,4,2,1,True
2,1434,EXTRA_VERIFICATION,SHARE_DOCUMENT,63,2,0,True
2,1435,EXTRA_VERIFICATION,SHARE_DOCUMENT,63,2,1,True
2,1436,EXTRA_VERIFICATION,SHARE_DOCUMENT,51,3,0,True
2,1437,EXTRA_VERIFICATION,SHARE_DOCUMENT,51,3,1,True
2,1438,EXTRA_VERIFICATION,SHARE_DOCUMENT,7,1,0,True
2,1439,EXTRA_VERIFICATION,SHARE_DOCUMENT,7,1,1,True
